Welcome to fastai;;Welcome to fastai;https://docs.fast.ai/index.html
;;Installing;https://docs.fast.ai/index.html#installing
;;Learning fastai;https://docs.fast.ai/index.html#learning-fastai
;;About fastai;https://docs.fast.ai/index.html#about-fastai
;;Migrating from other libraries;https://docs.fast.ai/index.html#migrating-from-other-libraries
;;Windows Support;https://docs.fast.ai/index.html#windows-support
;;Tests;https://docs.fast.ai/index.html#tests
;;Contributing;https://docs.fast.ai/index.html#contributing
;;Docker Containers;https://docs.fast.ai/index.html#docker-containers
Quick start;;Quick start;https://docs.fast.ai/quick_start.html
;;Computer vision classification;https://docs.fast.ai/quick_start.html#computer-vision-classification
;;;Computer vision segmentation;https://docs.fast.ai/quick_start.html#computer-vision-segmentation
;;Natural language processing;https://docs.fast.ai/quick_start.html#natural-language-processing
;;Tabular;https://docs.fast.ai/quick_start.html#tabular
;;Recommendation systems;https://docs.fast.ai/quick_start.html#recommendation-systems
Tutorials;;Tutorials;https://docs.fast.ai/tutorial.html
Tutorials;Beginner;Computer vision intro;https://docs.fast.ai/tutorial.vision.html
;;Single-label classification;https://docs.fast.ai/tutorial.vision.html#single-label-classification
;;;Cats vs dogs;https://docs.fast.ai/tutorial.vision.html#cats-vs-dogs
;;;Classifying breeds;https://docs.fast.ai/tutorial.vision.html#classifying-breeds
;;;Single-label classification - With the data block API;https://docs.fast.ai/tutorial.vision.html#single-label-classification---with-the-data-block-api
;;Multi-label classification;https://docs.fast.ai/tutorial.vision.html#multi-label-classification
;;;Multi-label classification - Using the high-level API;https://docs.fast.ai/tutorial.vision.html#multi-label-classification---using-the-high-level-api
;;;Multi-label classification - With the data block API;https://docs.fast.ai/tutorial.vision.html#multi-label-classification---with-the-data-block-api
;;Segmentation;https://docs.fast.ai/tutorial.vision.html#segmentation
;;;Segmentation - Using the high-level API;https://docs.fast.ai/tutorial.vision.html#segmentation---using-the-high-level-api
;;;Segmentation - With the data block API;https://docs.fast.ai/tutorial.vision.html#segmentation---with-the-data-block-api
;;Points;https://docs.fast.ai/tutorial.vision.html#points
Tutorials;Beginner;Text transfer learning;https://docs.fast.ai/tutorial.text.html
;;Train a text classifier from a pretrained model;https://docs.fast.ai/tutorial.text.html#train-a-text-classifier-from-a-pretrained-model
;;Using the high-level API;https://docs.fast.ai/tutorial.text.html#using-the-high-level-api
;;;Using the data block API;https://docs.fast.ai/tutorial.text.html#using-the-data-block-api
;;The ULMFiT approach;https://docs.fast.ai/tutorial.text.html#the-ulmfit-approach
;;;Fine-tuning a language model on IMDb;https://docs.fast.ai/tutorial.text.html#fine-tuning-a-language-model-on-imdb
;;;Training a text classifier;https://docs.fast.ai/tutorial.text.html#training-a-text-classifier
Tutorials;Beginner;Tabular training;https://docs.fast.ai/tutorial.tabular.html
;;fastai;https://docs.fast.ai/tutorial.tabular.html#fastai-with-other-libraries
Tutorials;Beginner;Collaborative filtering tutorial;https://docs.fast.ai/tutorial.collab.html
;;Training a model;https://docs.fast.ai/tutorial.collab.html#training-a-model
;;Interpretation;https://docs.fast.ai/tutorial.collab.html#interpretation
;;;Movie bias;https://docs.fast.ai/tutorial.collab.html#movie-bias
;;;Movie weights;https://docs.fast.ai/tutorial.collab.html#movie-weights
Tutorials;Intermediate;Data block tutorial;https://docs.fast.ai/tutorial.datablock.html
;;Building a DataBlock;https://docs.fast.ai/tutorial.datablock.html#building-a-datablock-from-scratch
;;Image classification;https://docs.fast.ai/tutorial.datablock.html#image-classification
;;;MNIST (single label);https://docs.fast.ai/tutorial.datablock.html#mnist-single-label
;;;Pets (single label);https://docs.fast.ai/tutorial.datablock.html#pets-single-label
;;;Pascal (multi-label);https://docs.fast.ai/tutorial.datablock.html#pascal-multi-label
;;Image localization;https://docs.fast.ai/tutorial.datablock.html#image-localization
;;;Segmentation;https://docs.fast.ai/tutorial.datablock.html#segmentation
;;;Points;https://docs.fast.ai/tutorial.datablock.html#points
;;;Bounding boxes;https://docs.fast.ai/tutorial.datablock.html#bounding-boxes
;;Text;https://docs.fast.ai/tutorial.datablock.html#text
;;;Language model;https://docs.fast.ai/tutorial.datablock.html#language-model
;;;Text classification;https://docs.fast.ai/tutorial.datablock.html#text-classification
;;Tabular data;https://docs.fast.ai/tutorial.datablock.html#tabular-data
Tutorials;Intermediate;Training Imagenette;https://docs.fast.ai/tutorial.imagenette.html
;;Assemble the data;https://docs.fast.ai/tutorial.imagenette.html#assemble-the-data
;;;Loading the data with a factory method;https://docs.fast.ai/tutorial.imagenette.html#loading-the-data-with-a-factory-method
;;;Loading the data with the data block API;https://docs.fast.ai/tutorial.imagenette.html#loading-the-data-with-the-data-block-api
;;;Loading the data with the mid-level API;https://docs.fast.ai/tutorial.imagenette.html#loading-the-data-with-the-mid-level-api
;;Training;https://docs.fast.ai/tutorial.imagenette.html#training
;;;Building a ;https://docs.fast.ai/tutorial.imagenette.html#building-a-learner
;;;Changing the loss function;https://docs.fast.ai/tutorial.imagenette.html#changing-the-loss-function
;;;Changing the optimizer;https://docs.fast.ai/tutorial.imagenette.html#changing-the-optimizer
;;;Changing the training loop with a ;https://docs.fast.ai/tutorial.imagenette.html#changing-the-training-loop-with-a-callback
Tutorials;Intermediate;Mid-tier data API - Pets;https://docs.fast.ai/tutorial.pets.html
;;Overview;https://docs.fast.ai/tutorial.pets.html#overview
;;Processing data;https://docs.fast.ai/tutorial.pets.html#processing-data
;;;Transform;https://docs.fast.ai/tutorial.pets.html#transform
;;;Pipeline;https://docs.fast.ai/tutorial.pets.html#pipeline
;;Loading the pets dataset using only ;https://docs.fast.ai/tutorial.pets.html#loading-the-pets-dataset-using-only-transform
;;;Using decodes for showing processed data;https://docs.fast.ai/tutorial.pets.html#using-decodes-for-showing-processed-data
;;;Setting up the internal state with a setups;https://docs.fast.ai/tutorial.pets.html#setting-up-the-internal-state-with-a-setups
;;;Combining our Transform with data augmentation in a Pipeline;https://docs.fast.ai/tutorial.pets.html#combining-our-transform-with-data-augmentation-in-a-pipeline.
;;TfmdLists and ;https://docs.fast.ai/tutorial.pets.html#tfmdlists-and-datasets
;;;One pipeline makes a ;https://docs.fast.ai/tutorial.pets.html#one-pipeline-makes-a-tfmdlists
;;;Traning and validation set;https://docs.fast.ai/tutorial.pets.html#traning-and-validation-set
;;;Getting to ;https://docs.fast.ai/tutorial.pets.html#getting-to-dataloaders
;;;Using ;https://docs.fast.ai/tutorial.pets.html#using-datasets
;;;Segmentation;https://docs.fast.ai/tutorial.pets.html#segmentation
;;Adding a test dataloader for inference;https://docs.fast.ai/tutorial.pets.html#adding-a-test-dataloader-for-inference
Tutorials;Intermediate;Chest X-ray model;https://docs.fast.ai/tutorial.medical_imaging.html
;;Download and import of X-ray DICOM files;https://docs.fast.ai/tutorial.medical_imaging.html#download-and-import-of-x-ray-dicom-files
;;What are DICOMs?;https://docs.fast.ai/tutorial.medical_imaging.html#what-are-dicoms
;;;Plotting the DICOM data;https://docs.fast.ai/tutorial.medical_imaging.html#plotting-the-dicom-data
;;Training;https://docs.fast.ai/tutorial.medical_imaging.html#training
;;Result Evaluation;https://docs.fast.ai/tutorial.medical_imaging.html#result-evaluation
Tutorials;Intermediate;Transformers;https://docs.fast.ai/tutorial.transformers.html
;;Importing a transformers pretrained model;https://docs.fast.ai/tutorial.transformers.html#importing-a-transformers-pretrained-model
;;Bridging the gap with fastai;https://docs.fast.ai/tutorial.transformers.html#bridging-the-gap-with-fastai
;;;Preparing the data;https://docs.fast.ai/tutorial.transformers.html#preparing-the-data
;;;Fine-tuning the model;https://docs.fast.ai/tutorial.transformers.html#fine-tuning-the-model
Tutorials;Intermediate;Wikitext data tutorial;https://docs.fast.ai/tutorial.wikitext.html
;;Data;https://docs.fast.ai/tutorial.wikitext.html#data
;;Model;https://docs.fast.ai/tutorial.wikitext.html#model
Tutorials;Intermediate;Notebook distributed training;https://docs.fast.ai/tutorial.distributed.html
;;Overview;https://docs.fast.ai/tutorial.distributed.html#overview
;;Setting up imports and building the DataLoaders;https://docs.fast.ai/tutorial.distributed.html#setting-up-imports-and-building-the-dataloaders
Tutorials;Advanced;Custom transforms;https://docs.fast.ai/tutorial.albumentations.html
;;Overview;https://docs.fast.ai/tutorial.albumentations.html#overview
;;;Creating your own ;https://docs.fast.ai/tutorial.albumentations.html#creating-your-own-transform
;;;Segmentation;https://docs.fast.ai/tutorial.albumentations.html#segmentation
;;;Using different transform pipelines and the ;https://docs.fast.ai/tutorial.albumentations.html#using-different-transform-pipelines-and-the-datablock-api
Tutorials;Advanced;Custom new task - siamese;https://docs.fast.ai/tutorial.siamese.html
;;Preparing the data;https://docs.fast.ai/tutorial.siamese.html#preparing-the-data
;;;Purely in PyTorch;https://docs.fast.ai/tutorial.siamese.html#purely-in-pytorch
;;;Using the mid-level API;https://docs.fast.ai/tutorial.siamese.html#using-the-mid-level-api
;;;Making show work;https://docs.fast.ai/tutorial.siamese.html#making-show-work
;;;Writing your custom data block;https://docs.fast.ai/tutorial.siamese.html#writing-your-custom-data-block
;;Training a model;https://docs.fast.ai/tutorial.siamese.html#training-a-model
;;;The model;https://docs.fast.ai/tutorial.siamese.html#the-model
;;;Train the model;https://docs.fast.ai/tutorial.siamese.html#train-the-model
;;;Making show_results work;https://docs.fast.ai/tutorial.siamese.html#making-show_results-work
;;;Patch in a siampredict method to Learner;https://docs.fast.ai/tutorial.siamese.html#patch-in-a-siampredict-method-to-learner-to-automatically-show-images-and-prediction
Tutorials;Advanced;Image sequences;https://docs.fast.ai/tutorial.image_sequence.html
;;UCF101 Action Recognition;https://docs.fast.ai/tutorial.image_sequence.html#ucf101-action-recognition
;;;setup;https://docs.fast.ai/tutorial.image_sequence.html#setup
;;Data pipeline;https://docs.fast.ai/tutorial.image_sequence.html#data-pipeline
;;A Baseline Model;https://docs.fast.ai/tutorial.image_sequence.html#a-baseline-model
;;A Transformer Based models;https://docs.fast.ai/tutorial.image_sequence.html#a-transformer-based-models
;;;Install;https://docs.fast.ai/tutorial.image_sequence.html#install
;;;Train;https://docs.fast.ai/tutorial.image_sequence.html#train
Tutorials;Migrating from Other Libs;Pure PyTorch to fastai;https://docs.fast.ai/examples/migrating_pytorch.html
Tutorials;Migrating from Other Libs;Pytorch to fastai details;https://docs.fast.ai/examples/migrating_pytorch_verbose.html
;;Data;https://docs.fast.ai/examples/migrating_pytorch_verbose.html#data
;;Model;https://docs.fast.ai/examples/migrating_pytorch_verbose.html#model
;;Optimizer;https://docs.fast.ai/examples/migrating_pytorch_verbose.html#optimizer
;;Training;https://docs.fast.ai/examples/migrating_pytorch_verbose.html#training
;;Exporting and Predicting;https://docs.fast.ai/examples/migrating_pytorch_verbose.html#exporting-and-predicting
Tutorials;Migrating from Other Libs;Ignite with fastai;https://docs.fast.ai/examples/migrating_ignite.html
Tutorials;Migrating from Other Libs;Lightning with fastai;https://docs.fast.ai/examples/migrating_lightning.html
;;Using fastaiâs training loop;https://docs.fast.ai/examples/migrating_lightning.html#using-fastais-training-loop
;;;Taking advantage of fastai Data Blocks;https://docs.fast.ai/examples/migrating_lightning.html#taking-advantage-of-fastai-data-blocks
Tutorials;Migrating from Other Libs;Catalyst with fastai;https://docs.fast.ai/examples/migrating_catalyst.html
;;Catalyst code;https://docs.fast.ai/examples/migrating_catalyst.html#catalyst-code
;;;Using callbacks;https://docs.fast.ai/examples/migrating_catalyst.html#using-callbacks
;;;Changing the model;https://docs.fast.ai/examples/migrating_catalyst.html#changing-the-model
Training;;Learner, Metrics, Callbacks;https://docs.fast.ai/learner.html
;;Utils function;https://docs.fast.ai/learner.html#utils-function
;;;replacing_yield;https://docs.fast.ai/learner.html#replacing_yield
;;;mk_metric;https://docs.fast.ai/learner.html#mk_metric
;;;save_model;https://docs.fast.ai/learner.html#save_model
;;;load_model;https://docs.fast.ai/learner.html#load_model
;;;SkipToEpoch;https://docs.fast.ai/learner.html#skiptoepoch
;;;Learner;https://docs.fast.ai/learner.html#learner
;;;PyTorch interop;https://docs.fast.ai/learner.html#pytorch-interop
;;;Training loop;https://docs.fast.ai/learner.html#training-loop
;;;Learner.fit;https://docs.fast.ai/learner.html#learner.fit
;;;Learner.one_batch;https://docs.fast.ai/learner.html#learner.one_batch
;;;Learner.all_batches;https://docs.fast.ai/learner.html#learner.all_batches
;;;Learner.create_opt;https://docs.fast.ai/learner.html#learner.create_opt
;;;Callback handling;https://docs.fast.ai/learner.html#callback-handling
;;;Learner.__call__;https://docs.fast.ai/learner.html#learner.__call__
;;;Learner.add_cb;https://docs.fast.ai/learner.html#learner.add_cb
;;;Learner.add_cbs;https://docs.fast.ai/learner.html#learner.add_cbs
;;;Learner.added_cbs;https://docs.fast.ai/learner.html#learner.added_cbs
;;;Learner.ordered_cbs;https://docs.fast.ai/learner.html#learner.ordered_cbs
;;;Learner.remove_cb;https://docs.fast.ai/learner.html#learner.remove_cb
;;;Learner.remove_cbs;https://docs.fast.ai/learner.html#learner.remove_cbs
;;;Learner.removed_cbs;https://docs.fast.ai/learner.html#learner.removed_cbs
;;;Learner.show_training_loop;https://docs.fast.ai/learner.html#learner.show_training_loop
;;;before_batch_cb;https://docs.fast.ai/learner.html#before_batch_cb
;;;Serializing;https://docs.fast.ai/learner.html#serializing
;;;Learner.save;https://docs.fast.ai/learner.html#learner.save
;;;Learner.load;https://docs.fast.ai/learner.html#learner.load
;;;Learner.export;https://docs.fast.ai/learner.html#learner.export
;;;load_learner;https://docs.fast.ai/learner.html#load_learner
;;;Learner.to_detach;https://docs.fast.ai/learner.html#learner.to_detach
;;;Metric;https://docs.fast.ai/learner.html#metric
;;;Metric.reset;https://docs.fast.ai/learner.html#metric.reset
;;;Metric.accumulate;https://docs.fast.ai/learner.html#metric.accumulate
;;;Metric.value;https://docs.fast.ai/learner.html#metric.value
;;;Metric.name;https://docs.fast.ai/learner.html#metric.name
;;;AvgMetric;https://docs.fast.ai/learner.html#avgmetric
;;;AvgLoss;https://docs.fast.ai/learner.html#avgloss
;;;AvgSmoothLoss;https://docs.fast.ai/learner.html#avgsmoothloss
;;;ValueMetric;https://docs.fast.ai/learner.html#valuemetric
;;Recorder â;https://docs.fast.ai/learner.html#recorder
;;;Recorder;https://docs.fast.ai/learner.html#recorder-1
;;;Internals;https://docs.fast.ai/learner.html#internals
;;;Recorder.before_fit;https://docs.fast.ai/learner.html#recorder.before_fit
;;;Recorder.before_epoch;https://docs.fast.ai/learner.html#recorder.before_epoch
;;;Recorder.before_validate;https://docs.fast.ai/learner.html#recorder.before_validate
;;;Recorder.after_batch;https://docs.fast.ai/learner.html#recorder.after_batch
;;;Recorder.after_epoch;https://docs.fast.ai/learner.html#recorder.after_epoch
;;;Plotting tools;https://docs.fast.ai/learner.html#plotting-tools
;;;Recorder.plot_loss;https://docs.fast.ai/learner.html#recorder.plot_loss
;;;CastToTensor;https://docs.fast.ai/learner.html#casttotensor
;;Inference functions;https://docs.fast.ai/learner.html#inference-functions
;;;Learner.validate;https://docs.fast.ai/learner.html#learner.validate
;;;Learner.get_preds;https://docs.fast.ai/learner.html#learner.get_preds
;;;Learner.predict;https://docs.fast.ai/learner.html#learner.predict
;;;Learner.show_results;https://docs.fast.ai/learner.html#learner.show_results
;;;Learner.no_logging;https://docs.fast.ai/learner.html#learner.no_logging
;;;Learner.loss_not_reduced;https://docs.fast.ai/learner.html#learner.loss_not_reduced
;;Transfer learning;https://docs.fast.ai/learner.html#transfer-learning
;;;Learner.unfreeze;https://docs.fast.ai/learner.html#learner.unfreeze
;;;Learner.freeze;https://docs.fast.ai/learner.html#learner.freeze
;;;Learner.freeze_to;https://docs.fast.ai/learner.html#learner.freeze_to
;;TTA;https://docs.fast.ai/learner.html#tta
;;;Learner.tta;https://docs.fast.ai/learner.html#learner.tta
Training;;Optimizers;https://docs.fast.ai/optimizer.html
;;;Optimizer;https://docs.fast.ai/optimizer.html#optimizer
;;;Initializing an Optimizer;https://docs.fast.ai/optimizer.html#initializing-an-optimizer
;;;Basic steppers;https://docs.fast.ai/optimizer.html#basic-steppers
;;;sgd_step;https://docs.fast.ai/optimizer.html#sgd_step
;;;weight_decay;https://docs.fast.ai/optimizer.html#weight_decay
;;;l2_reg;https://docs.fast.ai/optimizer.html#l2_reg
;;;Making the step;https://docs.fast.ai/optimizer.html#making-the-step
;;;Optimizer.step;https://docs.fast.ai/optimizer.html#optimizer.step
;;;Optimizer.zero_grad;https://docs.fast.ai/optimizer.html#optimizer.zero_grad
;;Statistics;https://docs.fast.ai/optimizer.html#statistics
;;;average_grad;https://docs.fast.ai/optimizer.html#average_grad
;;;average_sqr_grad;https://docs.fast.ai/optimizer.html#average_sqr_grad
;;;Freezing part of the model;https://docs.fast.ai/optimizer.html#freezing-part-of-the-model
;;;Optimizer.freeze;https://docs.fast.ai/optimizer.html#optimizer.freeze
;;;Optimizer.freeze_to;https://docs.fast.ai/optimizer.html#optimizer.freeze_to
;;;Optimizer.unfreeze;https://docs.fast.ai/optimizer.html#optimizer.unfreeze
;;;Serializing;https://docs.fast.ai/optimizer.html#serializing
;;;Optimizer.state_dict;https://docs.fast.ai/optimizer.html#optimizer.state_dict
;;;Optimizer.load_state_dict;https://docs.fast.ai/optimizer.html#optimizer.load_state_dict
;;;Optimizer.clear_state;https://docs.fast.ai/optimizer.html#optimizer.clear_state
;;Optimizers;https://docs.fast.ai/optimizer.html#optimizers
;;;SGD with momentum;https://docs.fast.ai/optimizer.html#sgd-with-momentum
;;;momentum_step;https://docs.fast.ai/optimizer.html#momentum_step
;;;SGD;https://docs.fast.ai/optimizer.html#sgd
;;;RMSProp;https://docs.fast.ai/optimizer.html#rmsprop
;;;rms_prop_step;https://docs.fast.ai/optimizer.html#rms_prop_step
;;;RMSProp;https://docs.fast.ai/optimizer.html#rmsprop-1
;;;Adam;https://docs.fast.ai/optimizer.html#adam
;;;step_stat;https://docs.fast.ai/optimizer.html#step_stat
;;;debias;https://docs.fast.ai/optimizer.html#debias
;;;adam_step;https://docs.fast.ai/optimizer.html#adam_step
;;;Adam;https://docs.fast.ai/optimizer.html#adam-1
;;;RAdam;https://docs.fast.ai/optimizer.html#radam
;;;radam_step;https://docs.fast.ai/optimizer.html#radam_step
;;;RAdam;https://docs.fast.ai/optimizer.html#radam-1
;;;QHAdam;https://docs.fast.ai/optimizer.html#qhadam
;;;qhadam_step;https://docs.fast.ai/optimizer.html#qhadam_step
;;;QHAdam;https://docs.fast.ai/optimizer.html#qhadam-1
;;;LARS/LARC;https://docs.fast.ai/optimizer.html#larslarc
;;;larc_layer_lr;https://docs.fast.ai/optimizer.html#larc_layer_lr
;;;larc_step;https://docs.fast.ai/optimizer.html#larc_step
;;;Larc;https://docs.fast.ai/optimizer.html#larc
;;;LAMB;https://docs.fast.ai/optimizer.html#lamb
;;;lamb_step;https://docs.fast.ai/optimizer.html#lamb_step
;;;Lamb;https://docs.fast.ai/optimizer.html#lamb-1
;;;Lookahead;https://docs.fast.ai/optimizer.html#lookahead
;;;ranger;https://docs.fast.ai/optimizer.html#ranger
;;;detuplify_pg;https://docs.fast.ai/optimizer.html#detuplify_pg
;;;set_item_pg;https://docs.fast.ai/optimizer.html#set_item_pg
;;;OptimWrapper;https://docs.fast.ai/optimizer.html#optimwrapper
Training;;Metrics;https://docs.fast.ai/metrics.html
;;Core metric;https://docs.fast.ai/metrics.html#core-metric
;;;AccumMetric;https://docs.fast.ai/metrics.html#accummetric
;;;skm_to_fastai;https://docs.fast.ai/metrics.html#skm_to_fastai
;;;optim_metric;https://docs.fast.ai/metrics.html#optim_metric
;;Single-label classification;https://docs.fast.ai/metrics.html#single-label-classification
;;;accuracy;https://docs.fast.ai/metrics.html#accuracy
;;;error_rate;https://docs.fast.ai/metrics.html#error_rate
;;;top_k_accuracy;https://docs.fast.ai/metrics.html#top_k_accuracy
;;;APScoreBinary;https://docs.fast.ai/metrics.html#apscorebinary
;;;BalancedAccuracy;https://docs.fast.ai/metrics.html#balancedaccuracy
;;;BrierScore;https://docs.fast.ai/metrics.html#brierscore
;;;CohenKappa;https://docs.fast.ai/metrics.html#cohenkappa
;;;F1Score;https://docs.fast.ai/metrics.html#f1score
;;;FBeta;https://docs.fast.ai/metrics.html#fbeta
;;;HammingLoss;https://docs.fast.ai/metrics.html#hammingloss
;;;Jaccard;https://docs.fast.ai/metrics.html#jaccard
;;;Precision;https://docs.fast.ai/metrics.html#precision
;;;Recall;https://docs.fast.ai/metrics.html#recall
;;;RocAuc;https://docs.fast.ai/metrics.html#rocauc
;;;RocAucBinary;https://docs.fast.ai/metrics.html#rocaucbinary
;;;MatthewsCorrCoef;https://docs.fast.ai/metrics.html#matthewscorrcoef
;;Multi-label classification;https://docs.fast.ai/metrics.html#multi-label-classification
;;;accuracy_multi;https://docs.fast.ai/metrics.html#accuracy_multi
;;;APScoreMulti;https://docs.fast.ai/metrics.html#apscoremulti
;;;BrierScoreMulti;https://docs.fast.ai/metrics.html#brierscoremulti
;;;F1ScoreMulti;https://docs.fast.ai/metrics.html#f1scoremulti
;;;FBetaMulti;https://docs.fast.ai/metrics.html#fbetamulti
;;;HammingLossMulti;https://docs.fast.ai/metrics.html#hamminglossmulti
;;;JaccardMulti;https://docs.fast.ai/metrics.html#jaccardmulti
;;;MatthewsCorrCoefMulti;https://docs.fast.ai/metrics.html#matthewscorrcoefmulti
;;;PrecisionMulti;https://docs.fast.ai/metrics.html#precisionmulti
;;;RecallMulti;https://docs.fast.ai/metrics.html#recallmulti
;;;RocAucMulti;https://docs.fast.ai/metrics.html#rocaucmulti
;;Regression;https://docs.fast.ai/metrics.html#regression
;;;mse;https://docs.fast.ai/metrics.html#mse
;;;rmse;https://docs.fast.ai/metrics.html#rmse
;;;mae;https://docs.fast.ai/metrics.html#mae
;;;msle;https://docs.fast.ai/metrics.html#msle
;;;exp_rmspe;https://docs.fast.ai/metrics.html#exp_rmspe
;;;ExplainedVariance;https://docs.fast.ai/metrics.html#explainedvariance
;;;R2Score;https://docs.fast.ai/metrics.html#r2score
;;;PearsonCorrCoef;https://docs.fast.ai/metrics.html#pearsoncorrcoef
;;;SpearmanCorrCoef;https://docs.fast.ai/metrics.html#spearmancorrcoef
;;Segmentation;https://docs.fast.ai/metrics.html#segmentation
;;;foreground_acc;https://docs.fast.ai/metrics.html#foreground_acc
;;;Dice;https://docs.fast.ai/metrics.html#dice
;;;DiceMulti;https://docs.fast.ai/metrics.html#dicemulti
;;;JaccardCoeff;https://docs.fast.ai/metrics.html#jaccardcoeff
;;NLP;https://docs.fast.ai/metrics.html#nlp
;;;CorpusBLEUMetric;https://docs.fast.ai/metrics.html#corpusbleumetric
;;;Perplexity;https://docs.fast.ai/metrics.html#perplexity
;;;LossMetric;https://docs.fast.ai/metrics.html#lossmetric
;;;LossMetrics;https://docs.fast.ai/metrics.html#lossmetrics
Training;;Interpretation of Predictions;https://docs.fast.ai/interpret.html
;;;Interpretation;https://docs.fast.ai/interpret.html#interpretation
;;;Interpretation.from_learner;https://docs.fast.ai/interpret.html#interpretation.from_learner
;;;Interpretation.top_losses;https://docs.fast.ai/interpret.html#interpretation.top_losses
;;;Interpretation.plot_top_losses;https://docs.fast.ai/interpret.html#interpretation.plot_top_losses
;;;Interpretation.show_results;https://docs.fast.ai/interpret.html#interpretation.show_results
;;;ClassificationInterpretation;https://docs.fast.ai/interpret.html#classificationinterpretation
;;;ClassificationInterpretation.confusion_matrix;https://docs.fast.ai/interpret.html#classificationinterpretation.confusion_matrix
;;;ClassificationInterpretation.plot_confusion_matrix;https://docs.fast.ai/interpret.html#classificationinterpretation.plot_confusion_matrix
;;;ClassificationInterpretation.most_confused;https://docs.fast.ai/interpret.html#classificationinterpretation.most_confused
;;;SegmentationInterpretation;https://docs.fast.ai/interpret.html#segmentationinterpretation
Training;;Distributed training;https://docs.fast.ai/distributed.html
;;Parallel;https://docs.fast.ai/distributed.html#parallel
;;;DataParallel.reset;https://docs.fast.ai/distributed.html#dataparallel.reset
;;;ParallelTrainer;https://docs.fast.ai/distributed.html#paralleltrainer
;;;Learner.to_parallel;https://docs.fast.ai/distributed.html#learner.to_parallel
;;;Learner.detach_parallel;https://docs.fast.ai/distributed.html#learner.detach_parallel
;;;parallel_ctx;https://docs.fast.ai/distributed.html#parallel_ctx
;;Distributed;https://docs.fast.ai/distributed.html#distributed
;;;Helper functions;https://docs.fast.ai/distributed.html#helper-functions
;;;DistributedDataParallel.reset;https://docs.fast.ai/distributed.html#distributeddataparallel.reset
;;;setup_distrib;https://docs.fast.ai/distributed.html#setup_distrib
;;;teardown_distrib;https://docs.fast.ai/distributed.html#teardown_distrib
;;;DataLoader;https://docs.fast.ai/distributed.html#dataloader
;;;DistributedDL;https://docs.fast.ai/distributed.html#distributeddl
;;;DistributedTrainer;https://docs.fast.ai/distributed.html#distributedtrainer
;;;Learner.to_distributed;https://docs.fast.ai/distributed.html#learner.to_distributed
;;;Learner.detach_distributed;https://docs.fast.ai/distributed.html#learner.detach_distributed
;;;distrib_ctx;https://docs.fast.ai/distributed.html#distrib_ctx-context-manager
;;;distrib_ctx;https://docs.fast.ai/distributed.html#distrib_ctx
;;;rank0_first;https://docs.fast.ai/distributed.html#rank0_first
;;Notebook Launcher;https://docs.fast.ai/distributed.html#notebook-launcher
Training;Callbacks;Callbacks;https://docs.fast.ai/callback.core.html
;;Events;https://docs.fast.ai/callback.core.html#events
;;;event;https://docs.fast.ai/callback.core.html#event
;;;Callback;https://docs.fast.ai/callback.core.html#callback
;;;Callback.__call__;https://docs.fast.ai/callback.core.html#callback.__call__
;;;Callback.name;https://docs.fast.ai/callback.core.html#callback.name
;;;TrainEvalCallback;https://docs.fast.ai/callback.core.html#trainevalcallback
;;Attributes available to callbacks;https://docs.fast.ai/callback.core.html#attributes-available-to-callbacks
;;Callbacks control flow;https://docs.fast.ai/callback.core.html#callbacks-control-flow
;;;CancelStepException;https://docs.fast.ai/callback.core.html#cancelstepexception
;;;CancelBatchException;https://docs.fast.ai/callback.core.html#cancelbatchexception
;;;CancelBackwardException;https://docs.fast.ai/callback.core.html#cancelbackwardexception
;;;CancelTrainException;https://docs.fast.ai/callback.core.html#canceltrainexception
;;;CancelValidException;https://docs.fast.ai/callback.core.html#cancelvalidexception
;;;CancelEpochException;https://docs.fast.ai/callback.core.html#cancelepochexception
;;;CancelFitException;https://docs.fast.ai/callback.core.html#cancelfitexception
;;;GatherPredsCallback;https://docs.fast.ai/callback.core.html#gatherpredscallback
;;;FetchPredsCallback;https://docs.fast.ai/callback.core.html#fetchpredscallback
Training;Callbacks;Model hooks;https://docs.fast.ai/callback.hook.html
;;What are hooks?;https://docs.fast.ai/callback.hook.html#what-are-hooks
;;;Hook;https://docs.fast.ai/callback.hook.html#hook
;;;Hook.hook_fn;https://docs.fast.ai/callback.hook.html#hook.hook_fn
;;;Hook.remove;https://docs.fast.ai/callback.hook.html#hook.remove
;;;Context Manager;https://docs.fast.ai/callback.hook.html#context-manager
;;;Hook.__enter__;https://docs.fast.ai/callback.hook.html#hook.__enter__
;;;Hook.__exit__;https://docs.fast.ai/callback.hook.html#hook.__exit__
;;;hook_output;https://docs.fast.ai/callback.hook.html#hook_output
;;;Hooks;https://docs.fast.ai/callback.hook.html#hooks
;;;Hooks.stored;https://docs.fast.ai/callback.hook.html#hooks.stored
;;;Hooks.remove;https://docs.fast.ai/callback.hook.html#hooks.remove
;;;Context Manager;https://docs.fast.ai/callback.hook.html#context-manager-1
;;;Hooks.__enter__;https://docs.fast.ai/callback.hook.html#hooks.__enter__
;;;Hooks.__exit__;https://docs.fast.ai/callback.hook.html#hooks.__exit__
;;;hook_outputs;https://docs.fast.ai/callback.hook.html#hook_outputs
;;;dummy_eval;https://docs.fast.ai/callback.hook.html#dummy_eval
;;;model_sizes;https://docs.fast.ai/callback.hook.html#model_sizes
;;;num_features_model;https://docs.fast.ai/callback.hook.html#num_features_model
;;;has_params;https://docs.fast.ai/callback.hook.html#has_params
;;;HookCallback;https://docs.fast.ai/callback.hook.html#hookcallback
;;;HookCallback.before_fit;https://docs.fast.ai/callback.hook.html#hookcallback.before_fit
;;;HookCallback.after_fit;https://docs.fast.ai/callback.hook.html#hookcallback.after_fit
;;Model summary;https://docs.fast.ai/callback.hook.html#model-summary
;;;total_params;https://docs.fast.ai/callback.hook.html#total_params
;;;layer_info;https://docs.fast.ai/callback.hook.html#layer_info
;;;module_summary;https://docs.fast.ai/callback.hook.html#module_summary
;;;Learner.summary;https://docs.fast.ai/callback.hook.html#learner.summary
;;Activation graphs;https://docs.fast.ai/callback.hook.html#activation-graphs
;;;ActivationStats;https://docs.fast.ai/callback.hook.html#activationstats
Training;Callbacks;Progress and logging;https://docs.fast.ai/callback.progress.html
;;;ProgressCallback;https://docs.fast.ai/callback.progress.html#progresscallback
;;;no_bar;https://docs.fast.ai/callback.progress.html#no_bar
;;;ProgressCallback.before_fit;https://docs.fast.ai/callback.progress.html#progresscallback.before_fit
;;;ProgressCallback.before_epoch;https://docs.fast.ai/callback.progress.html#progresscallback.before_epoch
;;;ProgressCallback.before_train;https://docs.fast.ai/callback.progress.html#progresscallback.before_train
;;;ProgressCallback.before_validate;https://docs.fast.ai/callback.progress.html#progresscallback.before_validate
;;;ProgressCallback.after_batch;https://docs.fast.ai/callback.progress.html#progresscallback.after_batch
;;;ProgressCallback.after_train;https://docs.fast.ai/callback.progress.html#progresscallback.after_train
;;;ProgressCallback.after_validate;https://docs.fast.ai/callback.progress.html#progresscallback.after_validate
;;;ProgressCallback.after_fit;https://docs.fast.ai/callback.progress.html#progresscallback.after_fit
;;;ShowGraphCallback;https://docs.fast.ai/callback.progress.html#showgraphcallback
;;;CSVLogger;https://docs.fast.ai/callback.progress.html#csvlogger
;;;CSVLogger.read_log;https://docs.fast.ai/callback.progress.html#csvlogger.read_log
;;;CSVLogger.before_fit;https://docs.fast.ai/callback.progress.html#csvlogger.before_fit
;;;CSVLogger.after_fit;https://docs.fast.ai/callback.progress.html#csvlogger.after_fit
Training;Callbacks;Hyperparam schedule;https://docs.fast.ai/callback.schedule.html
;;Annealing;https://docs.fast.ai/callback.schedule.html#annealing
;;;annealer;https://docs.fast.ai/callback.schedule.html#annealer
;;;sched_exp;https://docs.fast.ai/callback.schedule.html#sched_exp
;;;sched_no;https://docs.fast.ai/callback.schedule.html#sched_no
;;;sched_cos;https://docs.fast.ai/callback.schedule.html#sched_cos
;;;sched_lin;https://docs.fast.ai/callback.schedule.html#sched_lin
;;;SchedLin;https://docs.fast.ai/callback.schedule.html#schedlin
;;;SchedCos;https://docs.fast.ai/callback.schedule.html#schedcos
;;;SchedNo;https://docs.fast.ai/callback.schedule.html#schedno
;;;SchedExp;https://docs.fast.ai/callback.schedule.html#schedexp
;;;SchedPoly;https://docs.fast.ai/callback.schedule.html#schedpoly
;;;combine_scheds;https://docs.fast.ai/callback.schedule.html#combine_scheds
;;;combined_cos;https://docs.fast.ai/callback.schedule.html#combined_cos
;;;ParamScheduler;https://docs.fast.ai/callback.schedule.html#paramscheduler
;;;ParamScheduler.before_fit;https://docs.fast.ai/callback.schedule.html#paramscheduler.before_fit
;;;ParamScheduler.before_batch;https://docs.fast.ai/callback.schedule.html#paramscheduler.before_batch
;;;ParamScheduler.after_batch;https://docs.fast.ai/callback.schedule.html#paramscheduler.after_batch
;;;ParamScheduler.after_fit;https://docs.fast.ai/callback.schedule.html#paramscheduler.after_fit
;;;Learner.fit_one_cycle;https://docs.fast.ai/callback.schedule.html#learner.fit_one_cycle
;;;Recorder.plot_sched;https://docs.fast.ai/callback.schedule.html#recorder.plot_sched
;;;Learner.fit_flat_cos;https://docs.fast.ai/callback.schedule.html#learner.fit_flat_cos
;;;Learner.fit_sgdr;https://docs.fast.ai/callback.schedule.html#learner.fit_sgdr
;;;Learner.fine_tune;https://docs.fast.ai/callback.schedule.html#learner.fine_tune
;;Resume training from checkpoint;https://docs.fast.ai/callback.schedule.html#resume-training-from-checkpoint
;;;LRFinder;https://docs.fast.ai/callback.schedule.html#lrfinder
;;;LRFinder.before_fit;https://docs.fast.ai/callback.schedule.html#lrfinder.before_fit
;;;LRFinder.before_batch;https://docs.fast.ai/callback.schedule.html#lrfinder.before_batch
;;;LRFinder.after_batch;https://docs.fast.ai/callback.schedule.html#lrfinder.after_batch
;;;LRFinder.before_validate;https://docs.fast.ai/callback.schedule.html#lrfinder.before_validate
;;;Suggestion Methods;https://docs.fast.ai/callback.schedule.html#suggestion-methods
;;;valley;https://docs.fast.ai/callback.schedule.html#valley
;;;slide;https://docs.fast.ai/callback.schedule.html#slide
;;;minimum;https://docs.fast.ai/callback.schedule.html#minimum
;;;steep;https://docs.fast.ai/callback.schedule.html#steep
;;;Recorder.plot_lr_find;https://docs.fast.ai/callback.schedule.html#recorder.plot_lr_find
;;;Learner.lr_find;https://docs.fast.ai/callback.schedule.html#learner.lr_find
Training;Callbacks;Data Callbacks;https://docs.fast.ai/callback.data.html
;;;CollectDataCallback;https://docs.fast.ai/callback.data.html#collectdatacallback
;;;WeightedDL;https://docs.fast.ai/callback.data.html#weighteddl
;;;Datasets.weighted_dataloaders;https://docs.fast.ai/callback.data.html#datasets.weighted_dataloaders
;;;DataBlock.weighted_dataloaders;https://docs.fast.ai/callback.data.html#datablock.weighted_dataloaders
;;;PartialDL;https://docs.fast.ai/callback.data.html#partialdl
;;;FilteredBase.partial_dataloaders;https://docs.fast.ai/callback.data.html#filteredbase.partial_dataloaders
Training;Callbacks;Mixed precision training;https://docs.fast.ai/callback.fp16.html
;;A little bit of theory;https://docs.fast.ai/callback.fp16.html#a-little-bit-of-theory
;;;Whatâs half precision?;https://docs.fast.ai/callback.fp16.html#whats-half-precision
;;;Problems with half-precision:;https://docs.fast.ai/callback.fp16.html#problems-with-half-precision
;;;The solution: mixed precision training;https://docs.fast.ai/callback.fp16.html#the-solution-mixed-precision-training
;;;Dynamic loss scaling;https://docs.fast.ai/callback.fp16.html#dynamic-loss-scaling
;;;MixedPrecision;https://docs.fast.ai/callback.fp16.html#mixedprecision
;;;FP16TestCallback;https://docs.fast.ai/callback.fp16.html#fp16testcallback
;;;Learner.to_fp16;https://docs.fast.ai/callback.fp16.html#learner.to_fp16
;;;Learner.to_fp32;https://docs.fast.ai/callback.fp16.html#learner.to_fp32
;;Util functions;https://docs.fast.ai/callback.fp16.html#util-functions
;;;Converting the model to FP16;https://docs.fast.ai/callback.fp16.html#converting-the-model-to-fp16
;;;Creating the master copy of the parameters;https://docs.fast.ai/callback.fp16.html#creating-the-master-copy-of-the-parameters
;;;get_master;https://docs.fast.ai/callback.fp16.html#get_master
;;;Copy the gradients from model params to master params;https://docs.fast.ai/callback.fp16.html#copy-the-gradients-from-model-params-to-master-params
;;;to_master_grads;https://docs.fast.ai/callback.fp16.html#to_master_grads
;;;Copy the master params to the model params;https://docs.fast.ai/callback.fp16.html#copy-the-master-params-to-the-model-params
;;;to_model_params;https://docs.fast.ai/callback.fp16.html#to_model_params
;;;Checking for overflow;https://docs.fast.ai/callback.fp16.html#checking-for-overflow
;;;test_overflow;https://docs.fast.ai/callback.fp16.html#test_overflow
;;;grad_overflow;https://docs.fast.ai/callback.fp16.html#grad_overflow
;;;copy_clone;https://docs.fast.ai/callback.fp16.html#copy_clone
;;;ModelToHalf;https://docs.fast.ai/callback.fp16.html#modeltohalf
;;;NonNativeMixedPrecision;https://docs.fast.ai/callback.fp16.html#nonnativemixedprecision
;;;Learner.to_non_native_fp16;https://docs.fast.ai/callback.fp16.html#learner.to_non_native_fp16
;;;Learner.to_non_native_fp32;https://docs.fast.ai/callback.fp16.html#learner.to_non_native_fp32
Training;Callbacks;MixUp and Friends;https://docs.fast.ai/callback.mixup.html
;;;reduce_loss;https://docs.fast.ai/callback.mixup.html#reduce_loss
;;;MixHandler;https://docs.fast.ai/callback.mixup.html#mixhandler
;;;MixUp;https://docs.fast.ai/callback.mixup.html#mixup
;;;CutMix;https://docs.fast.ai/callback.mixup.html#cutmix
Training;Callbacks;Predictions callbacks;https://docs.fast.ai/callback.preds.html
;;MCDropoutCallback;https://docs.fast.ai/callback.preds.html#mcdropoutcallback
;;;MCDropoutCallback;https://docs.fast.ai/callback.preds.html#mcdropoutcallback-1
Training;Callbacks;Callback for RNN training;https://docs.fast.ai/callback.rnn.html
;;;ModelResetter;https://docs.fast.ai/callback.rnn.html#modelresetter
;;;RNNCallback;https://docs.fast.ai/callback.rnn.html#rnncallback
;;;RNNRegularizer;https://docs.fast.ai/callback.rnn.html#rnnregularizer
;;;rnn_cbs;https://docs.fast.ai/callback.rnn.html#rnn_cbs
Training;Callbacks;Tracking callbacks;https://docs.fast.ai/callback.tracker.html
;;;TerminateOnNaNCallback;https://docs.fast.ai/callback.tracker.html#terminateonnancallback
;;;TrackerCallback;https://docs.fast.ai/callback.tracker.html#trackercallback
;;;EarlyStoppingCallback;https://docs.fast.ai/callback.tracker.html#earlystoppingcallback
;;;SaveModelCallback;https://docs.fast.ai/callback.tracker.html#savemodelcallback
;;ReduceLROnPlateau;https://docs.fast.ai/callback.tracker.html#reducelronplateau
;;;ReduceLROnPlateau;https://docs.fast.ai/callback.tracker.html#reducelronplateau-1
Training;Callbacks;Training callbacks;https://docs.fast.ai/callback.training.html
;;;ShortEpochCallback;https://docs.fast.ai/callback.training.html#shortepochcallback
;;;GradientAccumulation;https://docs.fast.ai/callback.training.html#gradientaccumulation
;;;GradientClip;https://docs.fast.ai/callback.training.html#gradientclip
;;BnFreeze;https://docs.fast.ai/callback.training.html#bnfreeze
;;;BnFreeze;https://docs.fast.ai/callback.training.html#bnfreeze-1
;;;set_bn_eval;https://docs.fast.ai/callback.training.html#set_bn_eval
;;Channels Last;https://docs.fast.ai/callback.training.html#channels-last
;;;ChannelsLast;https://docs.fast.ai/callback.training.html#channelslast
Data;;Data block;https://docs.fast.ai/data.block.html
;;;TransformBlock;https://docs.fast.ai/data.block.html#transformblock
;;;CategoryBlock;https://docs.fast.ai/data.block.html#categoryblock
;;;MultiCategoryBlock;https://docs.fast.ai/data.block.html#multicategoryblock
;;;RegressionBlock;https://docs.fast.ai/data.block.html#regressionblock
;;General API;https://docs.fast.ai/data.block.html#general-api
;;;DataBlock;https://docs.fast.ai/data.block.html#datablock
;;;DataBlock.datasets;https://docs.fast.ai/data.block.html#datablock.datasets
;;;DataBlock.dataloaders;https://docs.fast.ai/data.block.html#datablock.dataloaders
;;Debugging;https://docs.fast.ai/data.block.html#debugging
;;;DataBlock.summary;https://docs.fast.ai/data.block.html#datablock.summary
;;;DataBlock.summary;https://docs.fast.ai/data.block.html#datablock.summary-1
Data;;Data core;https://docs.fast.ai/data.core.html
;;;TfmdDL;https://docs.fast.ai/data.core.html#tfmddl
;;;Methods;https://docs.fast.ai/data.core.html#methods
;;;DataLoader.one_batch;https://docs.fast.ai/data.core.html#dataloader.one_batch
;;;TfmdDL.decode;https://docs.fast.ai/data.core.html#tfmddl.decode
;;;TfmdDL.decode_batch;https://docs.fast.ai/data.core.html#tfmddl.decode_batch
;;;TfmdDL.show_batch;https://docs.fast.ai/data.core.html#tfmddl.show_batch
;;;TfmdDL.to;https://docs.fast.ai/data.core.html#tfmddl.to
;;;DataLoaders;https://docs.fast.ai/data.core.html#dataloaders
;;;Methods;https://docs.fast.ai/data.core.html#methods-1
;;;DataLoaders.__getitem__;https://docs.fast.ai/data.core.html#dataloaders.__getitem__
;;;DataLoaders.train;https://docs.fast.ai/data.core.html#dataloaders.train
;;;DataLoaders.valid;https://docs.fast.ai/data.core.html#dataloaders.valid
;;;DataLoaders.train_ds;https://docs.fast.ai/data.core.html#dataloaders.train_ds
;;;DataLoaders.valid_ds;https://docs.fast.ai/data.core.html#dataloaders.valid_ds
;;;FilteredBase;https://docs.fast.ai/data.core.html#filteredbase
;;;FilteredBase.dataloaders;https://docs.fast.ai/data.core.html#filteredbase.dataloaders
;;;TfmdLists;https://docs.fast.ai/data.core.html#tfmdlists
;;;decode_at;https://docs.fast.ai/data.core.html#decode_at
;;;show_at;https://docs.fast.ai/data.core.html#show_at
;;;TfmdLists.subset;https://docs.fast.ai/data.core.html#tfmdlists.subset
;;;TfmdLists.infer_idx;https://docs.fast.ai/data.core.html#tfmdlists.infer_idx
;;;TfmdLists.infer;https://docs.fast.ai/data.core.html#tfmdlists.infer
;;;Datasets;https://docs.fast.ai/data.core.html#datasets
;;;Methods;https://docs.fast.ai/data.core.html#methods-2
;;;Datasets.dataloaders;https://docs.fast.ai/data.core.html#datasets.dataloaders
;;;Datasets.decode;https://docs.fast.ai/data.core.html#datasets.decode
;;;Datasets.show;https://docs.fast.ai/data.core.html#datasets.show
;;;Datasets.new_empty;https://docs.fast.ai/data.core.html#datasets.new_empty
;;Add test set for inference;https://docs.fast.ai/data.core.html#add-test-set-for-inference
;;;test_set;https://docs.fast.ai/data.core.html#test_set
;;;DataLoaders.test_dl;https://docs.fast.ai/data.core.html#dataloaders.test_dl
Data;;DataLoaders;https://docs.fast.ai/data.load.html
;;DataLoader helpers;https://docs.fast.ai/data.load.html#dataloader-helpers
;;;fa_collate;https://docs.fast.ai/data.load.html#fa_collate
;;;fa_convert;https://docs.fast.ai/data.load.html#fa_convert
;;;SkipItemException;https://docs.fast.ai/data.load.html#skipitemexception
;;;collate_error;https://docs.fast.ai/data.load.html#collate_error
;;;DataLoader;https://docs.fast.ai/data.load.html#dataloader
Data;;External data;https://docs.fast.ai/data.external.html
;;Datasets;https://docs.fast.ai/data.external.html#datasets
;;;Main datasets;https://docs.fast.ai/data.external.html#main-datasets
;;;Kaggle competition datasets;https://docs.fast.ai/data.external.html#kaggle-competition-datasets
;;;Image Classification datasets;https://docs.fast.ai/data.external.html#image-classification-datasets
;;;NLP datasets;https://docs.fast.ai/data.external.html#nlp-datasets
;;;Image localization datasets;https://docs.fast.ai/data.external.html#image-localization-datasets
;;;Audio classification;https://docs.fast.ai/data.external.html#audio-classification
;;;Medical imaging datasets;https://docs.fast.ai/data.external.html#medical-imaging-datasets
;;;Pretrained models;https://docs.fast.ai/data.external.html#pretrained-models
;;Config;https://docs.fast.ai/data.external.html#config
;;;fastai_cfg;https://docs.fast.ai/data.external.html#fastai_cfg
;;;fastai_path;https://docs.fast.ai/data.external.html#fastai_path
;;;URLs;https://docs.fast.ai/data.external.html#urls
;;;untar_data;https://docs.fast.ai/data.external.html#untar_data
Data;;Data transformations;https://docs.fast.ai/data.transforms.html
;;Get, split, and label;https://docs.fast.ai/data.transforms.html#get-split-and-label
;;;Get;https://docs.fast.ai/data.transforms.html#get
;;;get_files;https://docs.fast.ai/data.transforms.html#get_files
;;;FileGetter;https://docs.fast.ai/data.transforms.html#filegetter
;;;get_image_files;https://docs.fast.ai/data.transforms.html#get_image_files
;;;ImageGetter;https://docs.fast.ai/data.transforms.html#imagegetter
;;;get_text_files;https://docs.fast.ai/data.transforms.html#get_text_files
;;;ItemGetter;https://docs.fast.ai/data.transforms.html#itemgetter
;;;AttrGetter;https://docs.fast.ai/data.transforms.html#attrgetter
;;;Split;https://docs.fast.ai/data.transforms.html#split
;;;RandomSplitter;https://docs.fast.ai/data.transforms.html#randomsplitter
;;;TrainTestSplitter;https://docs.fast.ai/data.transforms.html#traintestsplitter
;;;IndexSplitter;https://docs.fast.ai/data.transforms.html#indexsplitter
;;;EndSplitter;https://docs.fast.ai/data.transforms.html#endsplitter
;;;GrandparentSplitter;https://docs.fast.ai/data.transforms.html#grandparentsplitter
;;;FuncSplitter;https://docs.fast.ai/data.transforms.html#funcsplitter
;;;MaskSplitter;https://docs.fast.ai/data.transforms.html#masksplitter
;;;FileSplitter;https://docs.fast.ai/data.transforms.html#filesplitter
;;;ColSplitter;https://docs.fast.ai/data.transforms.html#colsplitter
;;;RandomSubsetSplitter;https://docs.fast.ai/data.transforms.html#randomsubsetsplitter
;;;Label;https://docs.fast.ai/data.transforms.html#label
;;;parent_label;https://docs.fast.ai/data.transforms.html#parent_label
;;;RegexLabeller;https://docs.fast.ai/data.transforms.html#regexlabeller
;;;ColReader;https://docs.fast.ai/data.transforms.html#colreader
;;;CategoryMap;https://docs.fast.ai/data.transforms.html#categorymap
;;;Categorize;https://docs.fast.ai/data.transforms.html#categorize
;;;Category;https://docs.fast.ai/data.transforms.html#category
;;;MultiCategorize;https://docs.fast.ai/data.transforms.html#multicategorize
;;;MultiCategory;https://docs.fast.ai/data.transforms.html#multicategory
;;;OneHotEncode;https://docs.fast.ai/data.transforms.html#onehotencode
;;;EncodedMultiCategorize;https://docs.fast.ai/data.transforms.html#encodedmulticategorize
;;;RegressionSetup;https://docs.fast.ai/data.transforms.html#regressionsetup
;;;get_c;https://docs.fast.ai/data.transforms.html#get_c
;;End-to-end dataset example with MNIST;https://docs.fast.ai/data.transforms.html#end-to-end-dataset-example-with-mnist
;;;ToTensor;https://docs.fast.ai/data.transforms.html#totensor
;;;IntToFloatTensor;https://docs.fast.ai/data.transforms.html#inttofloattensor
;;;broadcast_vec;https://docs.fast.ai/data.transforms.html#broadcast_vec
;;;Normalize;https://docs.fast.ai/data.transforms.html#normalize
Core;;Torch Core;https://docs.fast.ai/torch_core.html
;;;setup_cuda;https://docs.fast.ai/torch_core.html#setup_cuda
;;Arrays and show;https://docs.fast.ai/torch_core.html#arrays-and-show
;;;subplots;https://docs.fast.ai/torch_core.html#subplots
;;;show_image;https://docs.fast.ai/torch_core.html#show_image
;;;show_titled_image;https://docs.fast.ai/torch_core.html#show_titled_image
;;;show_images;https://docs.fast.ai/torch_core.html#show_images
;;;ArrayBase;https://docs.fast.ai/torch_core.html#arraybase
;;;ArrayImageBase;https://docs.fast.ai/torch_core.html#arrayimagebase
;;;ArrayImage;https://docs.fast.ai/torch_core.html#arrayimage
;;;ArrayImageBW;https://docs.fast.ai/torch_core.html#arrayimagebw
;;;ArrayMask;https://docs.fast.ai/torch_core.html#arraymask
;;Basics;https://docs.fast.ai/torch_core.html#basics
;;;tensor;https://docs.fast.ai/torch_core.html#tensor
;;;set_seed;https://docs.fast.ai/torch_core.html#set_seed
;;;get_random_states;https://docs.fast.ai/torch_core.html#get_random_states
;;;set_random_states;https://docs.fast.ai/torch_core.html#set_random_states
;;;no_random;https://docs.fast.ai/torch_core.html#no_random
;;;unsqueeze;https://docs.fast.ai/torch_core.html#unsqueeze
;;;unsqueeze_;https://docs.fast.ai/torch_core.html#unsqueeze_
;;;apply;https://docs.fast.ai/torch_core.html#apply
;;;maybe_gather;https://docs.fast.ai/torch_core.html#maybe_gather
;;;to_detach;https://docs.fast.ai/torch_core.html#to_detach
;;;to_half;https://docs.fast.ai/torch_core.html#to_half
;;;to_float;https://docs.fast.ai/torch_core.html#to_float
;;;default_device;https://docs.fast.ai/torch_core.html#default_device
;;;default_device;https://docs.fast.ai/torch_core.html#default_device-1
;;;to_device;https://docs.fast.ai/torch_core.html#to_device
;;;to_cpu;https://docs.fast.ai/torch_core.html#to_cpu
;;;to_np;https://docs.fast.ai/torch_core.html#to_np
;;;to_concat;https://docs.fast.ai/torch_core.html#to_concat
;;Tensor subtypes;https://docs.fast.ai/torch_core.html#tensor-subtypes
;;;Tensor.set_meta;https://docs.fast.ai/torch_core.html#tensor.set_meta
;;;Tensor.as_subclass;https://docs.fast.ai/torch_core.html#tensor.as_subclass
;;;TensorBase;https://docs.fast.ai/torch_core.html#tensorbase
;;;TensorImageBase;https://docs.fast.ai/torch_core.html#tensorimagebase
;;;TensorImage;https://docs.fast.ai/torch_core.html#tensorimage
;;;TensorImageBW;https://docs.fast.ai/torch_core.html#tensorimagebw
;;;TensorMask;https://docs.fast.ai/torch_core.html#tensormask
;;;TensorFlowField;https://docs.fast.ai/torch_core.html#tensorflowfield
;;;TensorCategory;https://docs.fast.ai/torch_core.html#tensorcategory
;;;TensorMultiCategory;https://docs.fast.ai/torch_core.html#tensormulticategory
;;;TitledTensorScalar;https://docs.fast.ai/torch_core.html#titledtensorscalar
;;;L.cat;https://docs.fast.ai/torch_core.html#l.cat
;;;L.stack;https://docs.fast.ai/torch_core.html#l.stack
;;;L.tensored;https://docs.fast.ai/torch_core.html#l.tensored
;;;L.tensored;https://docs.fast.ai/torch_core.html#l.tensored-1
;;;L.stack;https://docs.fast.ai/torch_core.html#l.stack-1
;;;L.cat;https://docs.fast.ai/torch_core.html#l.cat-1
;;Chunks;https://docs.fast.ai/torch_core.html#chunks
;;;concat;https://docs.fast.ai/torch_core.html#concat
;;;Chunks;https://docs.fast.ai/torch_core.html#chunks-1
;;Simple types;https://docs.fast.ai/torch_core.html#simple-types
;;;show_title;https://docs.fast.ai/torch_core.html#show_title
;;;ShowTitle;https://docs.fast.ai/torch_core.html#showtitle
;;;TitledInt;https://docs.fast.ai/torch_core.html#titledint
;;;TitledStr;https://docs.fast.ai/torch_core.html#titledstr
;;;TitledFloat;https://docs.fast.ai/torch_core.html#titledfloat
;;;TitledTuple;https://docs.fast.ai/torch_core.html#titledtuple
;;;TitledStr.truncate;https://docs.fast.ai/torch_core.html#titledstr.truncate
;;Other functions;https://docs.fast.ai/torch_core.html#other-functions
;;;get_empty_df;https://docs.fast.ai/torch_core.html#get_empty_df
;;;display_df;https://docs.fast.ai/torch_core.html#display_df
;;;get_first;https://docs.fast.ai/torch_core.html#get_first
;;;one_param;https://docs.fast.ai/torch_core.html#one_param
;;;item_find;https://docs.fast.ai/torch_core.html#item_find
;;;find_device;https://docs.fast.ai/torch_core.html#find_device
;;;find_bs;https://docs.fast.ai/torch_core.html#find_bs
;;;np_func;https://docs.fast.ai/torch_core.html#np_func
;;;Module;https://docs.fast.ai/torch_core.html#module
;;;get_model;https://docs.fast.ai/torch_core.html#get_model
;;;one_hot;https://docs.fast.ai/torch_core.html#one_hot
;;;one_hot_decode;https://docs.fast.ai/torch_core.html#one_hot_decode
;;;params;https://docs.fast.ai/torch_core.html#params
;;;trainable_params;https://docs.fast.ai/torch_core.html#trainable_params
;;;norm_bias_params;https://docs.fast.ai/torch_core.html#norm_bias_params
;;;batch_to_samples;https://docs.fast.ai/torch_core.html#batch_to_samples
;;;Tensor.interp_1d;https://docs.fast.ai/torch_core.html#tensor.interp_1d
;;;Tensor.pca;https://docs.fast.ai/torch_core.html#tensor.pca
;;;logit;https://docs.fast.ai/torch_core.html#logit
;;;num_distrib;https://docs.fast.ai/torch_core.html#num_distrib
;;;rank_distrib;https://docs.fast.ai/torch_core.html#rank_distrib
;;;distrib_barrier;https://docs.fast.ai/torch_core.html#distrib_barrier
;;;Path.save_array;https://docs.fast.ai/torch_core.html#path.save_array
;;;Path.load_array;https://docs.fast.ai/torch_core.html#path.load_array
;;;base_doc;https://docs.fast.ai/torch_core.html#base_doc
;;;doc;https://docs.fast.ai/torch_core.html#doc
;;;nested_reorder;https://docs.fast.ai/torch_core.html#nested_reorder
;;;flatten_check;https://docs.fast.ai/torch_core.html#flatten_check
;;Image helpers;https://docs.fast.ai/torch_core.html#image-helpers
;;;make_cross_image;https://docs.fast.ai/torch_core.html#make_cross_image
;;;show_image_batch;https://docs.fast.ai/torch_core.html#show_image_batch
;;Model init;https://docs.fast.ai/torch_core.html#model-init
;;;requires_grad;https://docs.fast.ai/torch_core.html#requires_grad
;;;init_default;https://docs.fast.ai/torch_core.html#init_default
;;;cond_init;https://docs.fast.ai/torch_core.html#cond_init
;;;apply_leaf;https://docs.fast.ai/torch_core.html#apply_leaf
;;;apply_init;https://docs.fast.ai/torch_core.html#apply_init
;;autograd jit functions;https://docs.fast.ai/torch_core.html#autograd-jit-functions
;;;script_use_ctx;https://docs.fast.ai/torch_core.html#script_use_ctx
;;;script_save_ctx;https://docs.fast.ai/torch_core.html#script_save_ctx
;;;script_fwd;https://docs.fast.ai/torch_core.html#script_fwd
;;;script_bwd;https://docs.fast.ai/torch_core.html#script_bwd
;;;grad_module;https://docs.fast.ai/torch_core.html#grad_module
;;;ismin_torch;https://docs.fast.ai/torch_core.html#ismin_torch
;;;notmax_torch;https://docs.fast.ai/torch_core.html#notmax_torch
Core;;Layers;https://docs.fast.ai/layers.html
;;Basic manipulations and resize;https://docs.fast.ai/layers.html#basic-manipulations-and-resize
;;;module;https://docs.fast.ai/layers.html#module
;;;Identity;https://docs.fast.ai/layers.html#identity
;;;Lambda;https://docs.fast.ai/layers.html#lambda
;;;PartialLambda;https://docs.fast.ai/layers.html#partiallambda
;;;Flatten;https://docs.fast.ai/layers.html#flatten
;;;ToTensorBase;https://docs.fast.ai/layers.html#totensorbase
;;;View;https://docs.fast.ai/layers.html#view
;;;ResizeBatch;https://docs.fast.ai/layers.html#resizebatch
;;;Debugger;https://docs.fast.ai/layers.html#debugger
;;;sigmoid_range;https://docs.fast.ai/layers.html#sigmoid_range
;;;SigmoidRange;https://docs.fast.ai/layers.html#sigmoidrange
;;Pooling layers;https://docs.fast.ai/layers.html#pooling-layers
;;;AdaptiveConcatPool1d;https://docs.fast.ai/layers.html#adaptiveconcatpool1d
;;;AdaptiveConcatPool2d;https://docs.fast.ai/layers.html#adaptiveconcatpool2d
;;;PoolType;https://docs.fast.ai/layers.html#pooltype
;;;adaptive_pool;https://docs.fast.ai/layers.html#adaptive_pool
;;;PoolFlatten;https://docs.fast.ai/layers.html#poolflatten
;;BatchNorm layers;https://docs.fast.ai/layers.html#batchnorm-layers
;;;BatchNorm;https://docs.fast.ai/layers.html#batchnorm
;;;InstanceNorm;https://docs.fast.ai/layers.html#instancenorm
;;;BatchNorm1dFlat;https://docs.fast.ai/layers.html#batchnorm1dflat
;;;LinBnDrop;https://docs.fast.ai/layers.html#linbndrop
;;Inits;https://docs.fast.ai/layers.html#inits
;;;sigmoid;https://docs.fast.ai/layers.html#sigmoid
;;;sigmoid_;https://docs.fast.ai/layers.html#sigmoid_
;;;vleaky_relu;https://docs.fast.ai/layers.html#vleaky_relu
;;;init_default;https://docs.fast.ai/layers.html#init_default
;;;init_linear;https://docs.fast.ai/layers.html#init_linear
;;Convolutions;https://docs.fast.ai/layers.html#convolutions
;;;ConvLayer;https://docs.fast.ai/layers.html#convlayer
;;;AdaptiveAvgPool;https://docs.fast.ai/layers.html#adaptiveavgpool
;;;MaxPool;https://docs.fast.ai/layers.html#maxpool
;;;AvgPool;https://docs.fast.ai/layers.html#avgpool
;;Embeddings;https://docs.fast.ai/layers.html#embeddings
;;;trunc_normal_;https://docs.fast.ai/layers.html#trunc_normal_
;;;Embedding;https://docs.fast.ai/layers.html#embedding
;;Self attention;https://docs.fast.ai/layers.html#self-attention
;;;SelfAttention;https://docs.fast.ai/layers.html#selfattention
;;;PooledSelfAttention2d;https://docs.fast.ai/layers.html#pooledselfattention2d
;;;SimpleSelfAttention;https://docs.fast.ai/layers.html#simpleselfattention
;;PixelShuffle;https://docs.fast.ai/layers.html#pixelshuffle
;;;icnr_init;https://docs.fast.ai/layers.html#icnr_init
;;;PixelShuffle_ICNR;https://docs.fast.ai/layers.html#pixelshuffle_icnr
;;Sequential extensions;https://docs.fast.ai/layers.html#sequential-extensions
;;;sequential;https://docs.fast.ai/layers.html#sequential
;;;SequentialEx;https://docs.fast.ai/layers.html#sequentialex
;;;MergeLayer;https://docs.fast.ai/layers.html#mergelayer
;;Concat;https://docs.fast.ai/layers.html#concat
;;;Cat;https://docs.fast.ai/layers.html#cat
;;Ready-to-go models;https://docs.fast.ai/layers.html#ready-to-go-models
;;;SimpleCNN;https://docs.fast.ai/layers.html#simplecnn
;;;ProdLayer;https://docs.fast.ai/layers.html#prodlayer
;;;SEModule;https://docs.fast.ai/layers.html#semodule
;;;ResBlock;https://docs.fast.ai/layers.html#resblock
;;;SEBlock;https://docs.fast.ai/layers.html#seblock
;;;SEResNeXtBlock;https://docs.fast.ai/layers.html#seresnextblock
;;;SeparableBlock;https://docs.fast.ai/layers.html#separableblock
;;Time Distributed Layer;https://docs.fast.ai/layers.html#time-distributed-layer
;;;TimeDistributed;https://docs.fast.ai/layers.html#timedistributed
;;Swish and Mish;https://docs.fast.ai/layers.html#swish-and-mish
;;;swish;https://docs.fast.ai/layers.html#swish
;;;Swish;https://docs.fast.ai/layers.html#swish-1
;;;MishJitAutoFn;https://docs.fast.ai/layers.html#mishjitautofn
;;;mish;https://docs.fast.ai/layers.html#mish
;;;Mish;https://docs.fast.ai/layers.html#mish-1
;;Helper functions for submodules;https://docs.fast.ai/layers.html#helper-functions-for-submodules
;;;ParameterModule;https://docs.fast.ai/layers.html#parametermodule
;;;children_and_parameters;https://docs.fast.ai/layers.html#children_and_parameters
;;;has_children;https://docs.fast.ai/layers.html#has_children
;;;flatten_model;https://docs.fast.ai/layers.html#flatten_model
;;;NoneReduce;https://docs.fast.ai/layers.html#nonereduce
;;;in_channels;https://docs.fast.ai/layers.html#in_channels
Core;;Loss Functions;https://docs.fast.ai/losses.html
;;;BaseLoss;https://docs.fast.ai/losses.html#baseloss
;;;CrossEntropyLossFlat;https://docs.fast.ai/losses.html#crossentropylossflat
;;;FocalLossFlat;https://docs.fast.ai/losses.html#focallossflat
;;;FocalLoss;https://docs.fast.ai/losses.html#focalloss
;;;BCEWithLogitsLossFlat;https://docs.fast.ai/losses.html#bcewithlogitslossflat
;;;BCELossFlat;https://docs.fast.ai/losses.html#bcelossflat
;;;MSELossFlat;https://docs.fast.ai/losses.html#mselossflat
;;;L1LossFlat;https://docs.fast.ai/losses.html#l1lossflat
;;;LabelSmoothingCrossEntropy;https://docs.fast.ai/losses.html#labelsmoothingcrossentropy
;;;LabelSmoothingCrossEntropyFlat;https://docs.fast.ai/losses.html#labelsmoothingcrossentropyflat
;;;DiceLoss;https://docs.fast.ai/losses.html#diceloss
Vision;;Core vision;https://docs.fast.ai/vision.core.html
;;Helpers;https://docs.fast.ai/vision.core.html#helpers
;;;Image.n_px;https://docs.fast.ai/vision.core.html#image.n_px
;;;Image.shape;https://docs.fast.ai/vision.core.html#image.shape
;;;Image.aspect;https://docs.fast.ai/vision.core.html#image.aspect
;;;Image.reshape;https://docs.fast.ai/vision.core.html#image.reshape
;;;Image.reshape;https://docs.fast.ai/vision.core.html#image.reshape-1
;;;Image.to_bytes_format;https://docs.fast.ai/vision.core.html#image.to_bytes_format
;;;Image.to_bytes_format;https://docs.fast.ai/vision.core.html#image.to_bytes_format-1
;;;Image.to_thumb;https://docs.fast.ai/vision.core.html#image.to_thumb
;;;Image.to_thumb;https://docs.fast.ai/vision.core.html#image.to_thumb-1
;;;Image.resize_max;https://docs.fast.ai/vision.core.html#image.resize_max
;;;Image.resize_max;https://docs.fast.ai/vision.core.html#image.resize_max-1
;;Basic types;https://docs.fast.ai/vision.core.html#basic-types
;;;to_image;https://docs.fast.ai/vision.core.html#to_image
;;;load_image;https://docs.fast.ai/vision.core.html#load_image
;;;image2tensor;https://docs.fast.ai/vision.core.html#image2tensor
;;;PILBase;https://docs.fast.ai/vision.core.html#pilbase
;;;PILImage;https://docs.fast.ai/vision.core.html#pilimage
;;;PILImageBW;https://docs.fast.ai/vision.core.html#pilimagebw
;;;PILMask;https://docs.fast.ai/vision.core.html#pilmask
;;;Images;https://docs.fast.ai/vision.core.html#images
;;;Segmentation masks;https://docs.fast.ai/vision.core.html#segmentation-masks
;;;AddMaskCodes;https://docs.fast.ai/vision.core.html#addmaskcodes
;;;Points;https://docs.fast.ai/vision.core.html#points
;;;TensorPoint;https://docs.fast.ai/vision.core.html#tensorpoint
;;;Bounding boxes;https://docs.fast.ai/vision.core.html#bounding-boxes
;;;get_annotations;https://docs.fast.ai/vision.core.html#get_annotations
;;;TensorBBox;https://docs.fast.ai/vision.core.html#tensorbbox
;;;LabeledBBox;https://docs.fast.ai/vision.core.html#labeledbbox
;;Basic Transforms;https://docs.fast.ai/vision.core.html#basic-transforms
;;;encodes;https://docs.fast.ai/vision.core.html#encodes
;;;encodes;https://docs.fast.ai/vision.core.html#encodes-1
;;;PointScaler;https://docs.fast.ai/vision.core.html#pointscaler
;;;BBoxLabeler;https://docs.fast.ai/vision.core.html#bboxlabeler
;;;decodes;https://docs.fast.ai/vision.core.html#decodes
;;;decodes;https://docs.fast.ai/vision.core.html#decodes-1
;;;encodes;https://docs.fast.ai/vision.core.html#encodes-2
Vision;;Vision data;https://docs.fast.ai/vision.data.html
;;Helper functions;https://docs.fast.ai/vision.data.html#helper-functions
;;;get_grid;https://docs.fast.ai/vision.data.html#get_grid
;;;clip_remove_empty;https://docs.fast.ai/vision.data.html#clip_remove_empty
;;;bb_pad;https://docs.fast.ai/vision.data.html#bb_pad
;;TransformBlock;https://docs.fast.ai/vision.data.html#transformblocks-for-vision
;;;ImageBlock;https://docs.fast.ai/vision.data.html#imageblock
;;;MaskBlock;https://docs.fast.ai/vision.data.html#maskblock
;;;PointBlock;https://docs.fast.ai/vision.data.html#pointblock
;;;BBoxBlock;https://docs.fast.ai/vision.data.html#bboxblock
;;;BBoxLblBlock;https://docs.fast.ai/vision.data.html#bboxlblblock
;;;ImageDataLoaders;https://docs.fast.ai/vision.data.html#imagedataloaders
;;;ImageDataLoaders.from_folder;https://docs.fast.ai/vision.data.html#imagedataloaders.from_folder
;;;ImageDataLoaders.from_path_func;https://docs.fast.ai/vision.data.html#imagedataloaders.from_path_func
;;;ImageDataLoaders.from_path_re;https://docs.fast.ai/vision.data.html#imagedataloaders.from_path_re
;;;ImageDataLoaders.from_name_func;https://docs.fast.ai/vision.data.html#imagedataloaders.from_name_func
;;;ImageDataLoaders.from_name_re;https://docs.fast.ai/vision.data.html#imagedataloaders.from_name_re
;;;ImageDataLoaders.from_df;https://docs.fast.ai/vision.data.html#imagedataloaders.from_df
;;;ImageDataLoaders.from_csv;https://docs.fast.ai/vision.data.html#imagedataloaders.from_csv
;;;ImageDataLoaders.from_lists;https://docs.fast.ai/vision.data.html#imagedataloaders.from_lists
;;;SegmentationDataLoaders;https://docs.fast.ai/vision.data.html#segmentationdataloaders
;;;SegmentationDataLoaders.from_label_func;https://docs.fast.ai/vision.data.html#segmentationdataloaders.from_label_func
Vision;;Vision augmentation;https://docs.fast.ai/vision.augment.html
;;RandTransform-;https://docs.fast.ai/vision.augment.html#randtransform-
;;;RandTransform;https://docs.fast.ai/vision.augment.html#randtransform
;;;RandTransform.before_call;https://docs.fast.ai/vision.augment.html#randtransform.before_call
;;Item transforms;https://docs.fast.ai/vision.augment.html#item-transforms
;;;FlipItem;https://docs.fast.ai/vision.augment.html#flipitem
;;;DihedralItem;https://docs.fast.ai/vision.augment.html#dihedralitem
;;Resize with crop, pad or squish;https://docs.fast.ai/vision.augment.html#resize-with-crop-pad-or-squish
;;;PadMode;https://docs.fast.ai/vision.augment.html#padmode
;;;CropPad;https://docs.fast.ai/vision.augment.html#croppad
;;;RandomCrop;https://docs.fast.ai/vision.augment.html#randomcrop
;;;OldRandomCrop;https://docs.fast.ai/vision.augment.html#oldrandomcrop
;;;ResizeMethod;https://docs.fast.ai/vision.augment.html#resizemethod
;;;Resize;https://docs.fast.ai/vision.augment.html#resize
;;;RandomResizedCrop;https://docs.fast.ai/vision.augment.html#randomresizedcrop
;;;RatioResize;https://docs.fast.ai/vision.augment.html#ratioresize
;;Affine and coord tfm on the GPU;https://docs.fast.ai/vision.augment.html#affine-and-coord-tfm-on-the-gpu
;;;affine_grid;https://docs.fast.ai/vision.augment.html#affine_grid
;;;AffineCoordTfm;https://docs.fast.ai/vision.augment.html#affinecoordtfm
;;;AffineCoordTfm.compose;https://docs.fast.ai/vision.augment.html#affinecoordtfm.compose
;;;RandomResizedCropGPU;https://docs.fast.ai/vision.augment.html#randomresizedcropgpu
;;;GPU helpers;https://docs.fast.ai/vision.augment.html#gpu-helpers
;;;mask_tensor;https://docs.fast.ai/vision.augment.html#mask_tensor
;;;;Flip/Dihedral GPU Helpers;https://docs.fast.ai/vision.augment.html#flipdihedral-gpu-helpers
;;;affine_mat;https://docs.fast.ai/vision.augment.html#affine_mat
;;;flip_mat;https://docs.fast.ai/vision.augment.html#flip_mat
;;;Flip;https://docs.fast.ai/vision.augment.html#flip
;;;DeterministicDraw;https://docs.fast.ai/vision.augment.html#deterministicdraw
;;;DeterministicFlip;https://docs.fast.ai/vision.augment.html#deterministicflip
;;;dihedral_mat;https://docs.fast.ai/vision.augment.html#dihedral_mat
;;;Dihedral;https://docs.fast.ai/vision.augment.html#dihedral
;;;DeterministicDihedral;https://docs.fast.ai/vision.augment.html#deterministicdihedral
;;;rotate_mat;https://docs.fast.ai/vision.augment.html#rotate_mat
;;;Rotate;https://docs.fast.ai/vision.augment.html#rotate
;;;zoom_mat;https://docs.fast.ai/vision.augment.html#zoom_mat
;;;Zoom;https://docs.fast.ai/vision.augment.html#zoom
;;;Warping;https://docs.fast.ai/vision.augment.html#warping
;;;find_coeffs;https://docs.fast.ai/vision.augment.html#find_coeffs
;;;apply_perspective;https://docs.fast.ai/vision.augment.html#apply_perspective
;;;Warp;https://docs.fast.ai/vision.augment.html#warp
;;Lighting transforms;https://docs.fast.ai/vision.augment.html#lighting-transforms
;;;TensorImage.lighting;https://docs.fast.ai/vision.augment.html#tensorimage.lighting
;;;SpaceTfm;https://docs.fast.ai/vision.augment.html#spacetfm
;;;LightingTfm;https://docs.fast.ai/vision.augment.html#lightingtfm
;;;Brightness;https://docs.fast.ai/vision.augment.html#brightness
;;;Contrast;https://docs.fast.ai/vision.augment.html#contrast
;;;grayscale;https://docs.fast.ai/vision.augment.html#grayscale
;;;Saturation;https://docs.fast.ai/vision.augment.html#saturation
;;;rgb2hsv;https://docs.fast.ai/vision.augment.html#rgb2hsv
;;;hsv2rgb;https://docs.fast.ai/vision.augment.html#hsv2rgb
;;;HSVTfm;https://docs.fast.ai/vision.augment.html#hsvtfm
;;;Hue;https://docs.fast.ai/vision.augment.html#hue
;;RandomErasing;https://docs.fast.ai/vision.augment.html#randomerasing
;;;cutout_gaussian;https://docs.fast.ai/vision.augment.html#cutout_gaussian
;;;norm_apply_denorm;https://docs.fast.ai/vision.augment.html#norm_apply_denorm
;;;RandomErasing;https://docs.fast.ai/vision.augment.html#randomerasing-1
;;All together;https://docs.fast.ai/vision.augment.html#all-together
;;;setup_aug_tfms;https://docs.fast.ai/vision.augment.html#setup_aug_tfms
;;;aug_transforms;https://docs.fast.ai/vision.augment.html#aug_transforms
;;Integration tests;https://docs.fast.ai/vision.augment.html#integration-tests
;;;Segmentation;https://docs.fast.ai/vision.augment.html#segmentation
;;;Point targets;https://docs.fast.ai/vision.augment.html#point-targets
;;;Bounding boxes;https://docs.fast.ai/vision.augment.html#bounding-boxes
Vision;;Vision learner;https://docs.fast.ai/vision.learner.html
;;Cut a pretrained model;https://docs.fast.ai/vision.learner.html#cut-a-pretrained-model
;;;has_pool_type;https://docs.fast.ai/vision.learner.html#has_pool_type
;;;cut_model;https://docs.fast.ai/vision.learner.html#cut_model
;;;create_body;https://docs.fast.ai/vision.learner.html#create_body
;;Head and model;https://docs.fast.ai/vision.learner.html#head-and-model
;;;create_head;https://docs.fast.ai/vision.learner.html#create_head
;;;default_split;https://docs.fast.ai/vision.learner.html#default_split
;;;add_head;https://docs.fast.ai/vision.learner.html#add_head
;;;create_vision_model;https://docs.fast.ai/vision.learner.html#create_vision_model
;;;TimmBody;https://docs.fast.ai/vision.learner.html#timmbody
;;;create_timm_model;https://docs.fast.ai/vision.learner.html#create_timm_model
;;Learner;https://docs.fast.ai/vision.learner.html#learner-convenience-functions
;;;vision_learner;https://docs.fast.ai/vision.learner.html#vision_learner
;;;create_unet_model;https://docs.fast.ai/vision.learner.html#create_unet_model
;;;unet_learner;https://docs.fast.ai/vision.learner.html#unet_learner
;;;create_cnn_model;https://docs.fast.ai/vision.learner.html#create_cnn_model
;;;cnn_learner;https://docs.fast.ai/vision.learner.html#cnn_learner
Vision;Models;XResnet;https://docs.fast.ai/vision.models.xresnet.html
;;;init_cnn;https://docs.fast.ai/vision.models.xresnet.html#init_cnn
;;;XResNet;https://docs.fast.ai/vision.models.xresnet.html#xresnet
;;;xresnet50_deeper;https://docs.fast.ai/vision.models.xresnet.html#xresnet50_deeper
;;;xresnet34_deeper;https://docs.fast.ai/vision.models.xresnet.html#xresnet34_deeper
;;;xresnet18_deeper;https://docs.fast.ai/vision.models.xresnet.html#xresnet18_deeper
;;;xresnet50_deep;https://docs.fast.ai/vision.models.xresnet.html#xresnet50_deep
;;;xresnet34_deep;https://docs.fast.ai/vision.models.xresnet.html#xresnet34_deep
;;;xresnet18_deep;https://docs.fast.ai/vision.models.xresnet.html#xresnet18_deep
;;;xresnet152;https://docs.fast.ai/vision.models.xresnet.html#xresnet152
;;;xresnet101;https://docs.fast.ai/vision.models.xresnet.html#xresnet101
;;;xresnet50;https://docs.fast.ai/vision.models.xresnet.html#xresnet50
;;;xresnet34;https://docs.fast.ai/vision.models.xresnet.html#xresnet34
;;;xresnet18;https://docs.fast.ai/vision.models.xresnet.html#xresnet18
;;;xse_resnext50_deeper;https://docs.fast.ai/vision.models.xresnet.html#xse_resnext50_deeper
;;;xse_resnext34_deeper;https://docs.fast.ai/vision.models.xresnet.html#xse_resnext34_deeper
;;;xse_resnext18_deeper;https://docs.fast.ai/vision.models.xresnet.html#xse_resnext18_deeper
;;;xse_resnext50_deep;https://docs.fast.ai/vision.models.xresnet.html#xse_resnext50_deep
;;;xse_resnext34_deep;https://docs.fast.ai/vision.models.xresnet.html#xse_resnext34_deep
;;;xse_resnext18_deep;https://docs.fast.ai/vision.models.xresnet.html#xse_resnext18_deep
;;;xsenet154;https://docs.fast.ai/vision.models.xresnet.html#xsenet154
;;;xse_resnet152;https://docs.fast.ai/vision.models.xresnet.html#xse_resnet152
;;;xresnext101;https://docs.fast.ai/vision.models.xresnet.html#xresnext101
;;;xse_resnext101;https://docs.fast.ai/vision.models.xresnet.html#xse_resnext101
;;;xse_resnet101;https://docs.fast.ai/vision.models.xresnet.html#xse_resnet101
;;;xresnext50;https://docs.fast.ai/vision.models.xresnet.html#xresnext50
;;;xse_resnext50;https://docs.fast.ai/vision.models.xresnet.html#xse_resnext50
;;;xse_resnet50;https://docs.fast.ai/vision.models.xresnet.html#xse_resnet50
;;;xresnext34;https://docs.fast.ai/vision.models.xresnet.html#xresnext34
;;;xse_resnext34;https://docs.fast.ai/vision.models.xresnet.html#xse_resnext34
;;;xse_resnet34;https://docs.fast.ai/vision.models.xresnet.html#xse_resnet34
;;;xresnext18;https://docs.fast.ai/vision.models.xresnet.html#xresnext18
;;;xse_resnext18;https://docs.fast.ai/vision.models.xresnet.html#xse_resnext18
;;;xse_resnet18;https://docs.fast.ai/vision.models.xresnet.html#xse_resnet18
Vision;Models;Dynamic UNet;https://docs.fast.ai/vision.models.unet.html
;;;UnetBlock;https://docs.fast.ai/vision.models.unet.html#unetblock
;;;ResizeToOrig;https://docs.fast.ai/vision.models.unet.html#resizetoorig
;;;DynamicUnet;https://docs.fast.ai/vision.models.unet.html#dynamicunet
Vision;;GAN;https://docs.fast.ai/vision.gan.html
;;Wrapping the modules;https://docs.fast.ai/vision.gan.html#wrapping-the-modules
;;;GANModule;https://docs.fast.ai/vision.gan.html#ganmodule
;;;GANModule.switch;https://docs.fast.ai/vision.gan.html#ganmodule.switch
;;;basic_critic;https://docs.fast.ai/vision.gan.html#basic_critic
;;;AddChannels;https://docs.fast.ai/vision.gan.html#addchannels
;;;basic_generator;https://docs.fast.ai/vision.gan.html#basic_generator
;;;DenseResBlock;https://docs.fast.ai/vision.gan.html#denseresblock
;;;gan_critic;https://docs.fast.ai/vision.gan.html#gan_critic
;;;GANLoss;https://docs.fast.ai/vision.gan.html#ganloss
;;;GANLoss.generator;https://docs.fast.ai/vision.gan.html#ganloss.generator
;;;GANLoss.critic;https://docs.fast.ai/vision.gan.html#ganloss.critic
;;;AdaptiveLoss;https://docs.fast.ai/vision.gan.html#adaptiveloss
;;;accuracy_thresh_expand;https://docs.fast.ai/vision.gan.html#accuracy_thresh_expand
;;Callbacks for GAN training;https://docs.fast.ai/vision.gan.html#callbacks-for-gan-training
;;;set_freeze_model;https://docs.fast.ai/vision.gan.html#set_freeze_model
;;;GANTrainer;https://docs.fast.ai/vision.gan.html#gantrainer
;;;FixedGANSwitcher;https://docs.fast.ai/vision.gan.html#fixedganswitcher
;;;AdaptiveGANSwitcher;https://docs.fast.ai/vision.gan.html#adaptiveganswitcher
;;;GANDiscriminativeLR;https://docs.fast.ai/vision.gan.html#gandiscriminativelr
;;GAN data;https://docs.fast.ai/vision.gan.html#gan-data
;;;InvisibleTensor;https://docs.fast.ai/vision.gan.html#invisibletensor
;;;generate_noise;https://docs.fast.ai/vision.gan.html#generate_noise
;;GAN Learner;https://docs.fast.ai/vision.gan.html#gan-learner
;;;gan_loss_from_func;https://docs.fast.ai/vision.gan.html#gan_loss_from_func
;;;GANLearner;https://docs.fast.ai/vision.gan.html#ganlearner
;;;GANLearner.from_learners;https://docs.fast.ai/vision.gan.html#ganlearner.from_learners
;;;GANLearner.wgan;https://docs.fast.ai/vision.gan.html#ganlearner.wgan
Vision;;Vision utils;https://docs.fast.ai/vision.utils.html
;;;download_images;https://docs.fast.ai/vision.utils.html#download_images
;;;resize_to;https://docs.fast.ai/vision.utils.html#resize_to
;;;verify_image;https://docs.fast.ai/vision.utils.html#verify_image
;;;verify_images;https://docs.fast.ai/vision.utils.html#verify_images
;;;resize_image;https://docs.fast.ai/vision.utils.html#resize_image
;;;resize_images;https://docs.fast.ai/vision.utils.html#resize_images
Vision;;Vision widgets;https://docs.fast.ai/vision.widgets.html
;;;widget;https://docs.fast.ai/vision.widgets.html#widget
;;;carousel;https://docs.fast.ai/vision.widgets.html#carousel
;;;ImagesCleaner;https://docs.fast.ai/vision.widgets.html#imagescleaner
;;;ImageClassifierCleaner;https://docs.fast.ai/vision.widgets.html#imageclassifiercleaner
Text;;Text core;https://docs.fast.ai/text.core.html
;;Preprocessing rules;https://docs.fast.ai/text.core.html#preprocessing-rules
;;;spec_add_spaces;https://docs.fast.ai/text.core.html#spec_add_spaces
;;;rm_useless_spaces;https://docs.fast.ai/text.core.html#rm_useless_spaces
;;;replace_rep;https://docs.fast.ai/text.core.html#replace_rep
;;;replace_wrep;https://docs.fast.ai/text.core.html#replace_wrep
;;;fix_html;https://docs.fast.ai/text.core.html#fix_html
;;;replace_all_caps;https://docs.fast.ai/text.core.html#replace_all_caps
;;;replace_maj;https://docs.fast.ai/text.core.html#replace_maj
;;;lowercase;https://docs.fast.ai/text.core.html#lowercase
;;;replace_space;https://docs.fast.ai/text.core.html#replace_space
;;Tokenizing;https://docs.fast.ai/text.core.html#tokenizing
;;;BaseTokenizer;https://docs.fast.ai/text.core.html#basetokenizer
;;;SpacyTokenizer;https://docs.fast.ai/text.core.html#spacytokenizer
;;;TokenizeWithRules;https://docs.fast.ai/text.core.html#tokenizewithrules
;;;tokenize1;https://docs.fast.ai/text.core.html#tokenize1
;;;parallel_tokenize;https://docs.fast.ai/text.core.html#parallel_tokenize
;;;Tokenize texts in files;https://docs.fast.ai/text.core.html#tokenize-texts-in-files
;;;tokenize_folder;https://docs.fast.ai/text.core.html#tokenize_folder
;;;tokenize_files;https://docs.fast.ai/text.core.html#tokenize_files
;;;Tokenize texts in a dataframe;https://docs.fast.ai/text.core.html#tokenize-texts-in-a-dataframe
;;;tokenize_texts;https://docs.fast.ai/text.core.html#tokenize_texts
;;;tokenize_df;https://docs.fast.ai/text.core.html#tokenize_df
;;;tokenize_csv;https://docs.fast.ai/text.core.html#tokenize_csv
;;;load_tokenized_csv;https://docs.fast.ai/text.core.html#load_tokenized_csv
;;Tokenizer;https://docs.fast.ai/text.core.html#tokenizer-
;;;Tokenizer;https://docs.fast.ai/text.core.html#tokenizer
;;Sentencepiece;https://docs.fast.ai/text.core.html#sentencepiece
;;;SentencePieceTokenizer;https://docs.fast.ai/text.core.html#sentencepiecetokenizer
Text;;Text data;https://docs.fast.ai/text.data.html
;;Backwards;https://docs.fast.ai/text.data.html#backwards
;;;reverse_text;https://docs.fast.ai/text.data.html#reverse_text
;;Numericalizing;https://docs.fast.ai/text.data.html#numericalizing
;;;make_vocab;https://docs.fast.ai/text.data.html#make_vocab
;;;LMTensorText;https://docs.fast.ai/text.data.html#lmtensortext
;;;TensorText;https://docs.fast.ai/text.data.html#tensortext
;;;Numericalize;https://docs.fast.ai/text.data.html#numericalize
;;LMDataLoader;https://docs.fast.ai/text.data.html#lmdataloader
;;Classification;https://docs.fast.ai/text.data.html#classification
;;;Pad_Input;https://docs.fast.ai/text.data.html#pad_input
;;;pad_chunk;https://docs.fast.ai/text.data.html#pad_chunk
;;;pad_input_chunk;https://docs.fast.ai/text.data.html#pad_input_chunk
;;;Pad_Chunk;https://docs.fast.ai/text.data.html#pad_chunk-1
;;;SortedDL;https://docs.fast.ai/text.data.html#sorteddl
;;TransformBlock for text;https://docs.fast.ai/text.data.html#transformblock-for-text
;;;TextBlock;https://docs.fast.ai/text.data.html#textblock
;;;TextBlock.from_df;https://docs.fast.ai/text.data.html#textblock.from_df
;;;TextBlock.from_folder;https://docs.fast.ai/text.data.html#textblock.from_folder
;;TextDataLoaders;https://docs.fast.ai/text.data.html#textdataloaders
;;;TextDataLoaders.from_folder;https://docs.fast.ai/text.data.html#textdataloaders.from_folder
;;;TextDataLoaders.from_df;https://docs.fast.ai/text.data.html#textdataloaders.from_df
;;;TextDataLoaders.from_csv;https://docs.fast.ai/text.data.html#textdataloaders.from_csv
Text;;Text learner;https://docs.fast.ai/text.learner.html
;;Loading a pretrained model;https://docs.fast.ai/text.learner.html#loading-a-pretrained-model
;;;match_embeds;https://docs.fast.ai/text.learner.html#match_embeds
;;;load_ignore_keys;https://docs.fast.ai/text.learner.html#load_ignore_keys
;;;clean_raw_keys;https://docs.fast.ai/text.learner.html#clean_raw_keys
;;;load_model_text;https://docs.fast.ai/text.learner.html#load_model_text
;;;TextLearner;https://docs.fast.ai/text.learner.html#textlearner
;;;TextLearner.load_pretrained;https://docs.fast.ai/text.learner.html#textlearner.load_pretrained
;;;TextLearner.save_encoder;https://docs.fast.ai/text.learner.html#textlearner.save_encoder
;;;TextLearner.load_encoder;https://docs.fast.ai/text.learner.html#textlearner.load_encoder
;;Language modeling predictions;https://docs.fast.ai/text.learner.html#language-modeling-predictions
;;;decode_spec_tokens;https://docs.fast.ai/text.learner.html#decode_spec_tokens
;;;LMLearner;https://docs.fast.ai/text.learner.html#lmlearner
;;;LMLearner.predict;https://docs.fast.ai/text.learner.html#lmlearner.predict
;;Learner;https://docs.fast.ai/text.learner.html#learner-convenience-functions
;;;language_model_learner;https://docs.fast.ai/text.learner.html#language_model_learner
;;;text_classifier_learner;https://docs.fast.ai/text.learner.html#text_classifier_learner
Text;Models;Core text modules;https://docs.fast.ai/text.models.core.html
;;Language models;https://docs.fast.ai/text.models.core.html#language-models
;;;LinearDecoder;https://docs.fast.ai/text.models.core.html#lineardecoder
;;;SequentialRNN;https://docs.fast.ai/text.models.core.html#sequentialrnn
;;;get_language_model;https://docs.fast.ai/text.models.core.html#get_language_model
;;Classification models;https://docs.fast.ai/text.models.core.html#classification-models
;;;SentenceEncoder;https://docs.fast.ai/text.models.core.html#sentenceencoder
;;;masked_concat_pool;https://docs.fast.ai/text.models.core.html#masked_concat_pool
;;;PoolingLinearClassifier;https://docs.fast.ai/text.models.core.html#poolinglinearclassifier
;;;get_text_classifier;https://docs.fast.ai/text.models.core.html#get_text_classifier
Text;Models;AWD-LSTM;https://docs.fast.ai/text.models.awdlstm.html
;;Basic NLP modules;https://docs.fast.ai/text.models.awdlstm.html#basic-nlp-modules
;;;dropout_mask;https://docs.fast.ai/text.models.awdlstm.html#dropout_mask
;;;RNNDropout;https://docs.fast.ai/text.models.awdlstm.html#rnndropout
;;;WeightDropout;https://docs.fast.ai/text.models.awdlstm.html#weightdropout
;;;EmbeddingDropout;https://docs.fast.ai/text.models.awdlstm.html#embeddingdropout
;;;AWD_LSTM;https://docs.fast.ai/text.models.awdlstm.html#awd_lstm
;;;awd_lstm_lm_split;https://docs.fast.ai/text.models.awdlstm.html#awd_lstm_lm_split
;;;awd_lstm_clas_split;https://docs.fast.ai/text.models.awdlstm.html#awd_lstm_clas_split
Tabular;;Tabular core;https://docs.fast.ai/tabular.core.html
;;Initial preprocessing;https://docs.fast.ai/tabular.core.html#initial-preprocessing
;;;make_date;https://docs.fast.ai/tabular.core.html#make_date
;;;add_datepart;https://docs.fast.ai/tabular.core.html#add_datepart
;;;add_elapsed_times;https://docs.fast.ai/tabular.core.html#add_elapsed_times
;;;cont_cat_split;https://docs.fast.ai/tabular.core.html#cont_cat_split
;;;df_shrink_dtypes;https://docs.fast.ai/tabular.core.html#df_shrink_dtypes
;;;df_shrink;https://docs.fast.ai/tabular.core.html#df_shrink
;;;Tabular;https://docs.fast.ai/tabular.core.html#tabular
;;;TabularPandas;https://docs.fast.ai/tabular.core.html#tabularpandas
;;;TabularProc;https://docs.fast.ai/tabular.core.html#tabularproc
;;;Categorify;https://docs.fast.ai/tabular.core.html#categorify
;;;FillStrategy;https://docs.fast.ai/tabular.core.html#fillstrategy
;;;FillMissing;https://docs.fast.ai/tabular.core.html#fillmissing
;;;ReadTabBatch;https://docs.fast.ai/tabular.core.html#readtabbatch
;;;TabDataLoader;https://docs.fast.ai/tabular.core.html#tabdataloader
;;Integration example;https://docs.fast.ai/tabular.core.html#integration-example
;;Other target types;https://docs.fast.ai/tabular.core.html#other-target-types
;;;Multi-label categories;https://docs.fast.ai/tabular.core.html#multi-label-categories
;;;;one-hot encoded label;https://docs.fast.ai/tabular.core.html#one-hot-encoded-label
;;;;Not one-hot encoded;https://docs.fast.ai/tabular.core.html#not-one-hot-encoded
;;;Regression;https://docs.fast.ai/tabular.core.html#regression
;;Not being used now - for multi-modal;https://docs.fast.ai/tabular.core.html#not-being-used-now---for-multi-modal
Tabular;;Tabular data;https://docs.fast.ai/tabular.data.html
;;;TabularDataLoaders;https://docs.fast.ai/tabular.data.html#tabulardataloaders
;;;TabularDataLoaders.from_df;https://docs.fast.ai/tabular.data.html#tabulardataloaders.from_df
;;;TabularDataLoaders.from_csv;https://docs.fast.ai/tabular.data.html#tabulardataloaders.from_csv
;;;TabularDataLoaders.test_dl;https://docs.fast.ai/tabular.data.html#tabulardataloaders.test_dl
Tabular;;Tabular learner;https://docs.fast.ai/tabular.learner.html
;;Main functions;https://docs.fast.ai/tabular.learner.html#main-functions
;;;TabularLearner;https://docs.fast.ai/tabular.learner.html#tabularlearner
;;;tabular_learner;https://docs.fast.ai/tabular.learner.html#tabular_learner
;;;TabularLearner.predict;https://docs.fast.ai/tabular.learner.html#tabularlearner.predict
Tabular;;Tabular model;https://docs.fast.ai/tabular.model.html
;;Embeddings;https://docs.fast.ai/tabular.model.html#embeddings
;;;emb_sz_rule;https://docs.fast.ai/tabular.model.html#emb_sz_rule
;;;get_emb_sz;https://docs.fast.ai/tabular.model.html#get_emb_sz
;;;TabularModel;https://docs.fast.ai/tabular.model.html#tabularmodel
;;;tabular_config;https://docs.fast.ai/tabular.model.html#tabular_config
Tabular;;Collaborative filtering;https://docs.fast.ai/collab.html
;;Gather the data;https://docs.fast.ai/collab.html#gather-the-data
;;;TabularCollab;https://docs.fast.ai/collab.html#tabularcollab
;;;CollabDataLoaders;https://docs.fast.ai/collab.html#collabdataloaders
;;;CollabDataLoaders.from_df;https://docs.fast.ai/collab.html#collabdataloaders.from_df
;;;CollabDataLoaders.from_csv;https://docs.fast.ai/collab.html#collabdataloaders.from_csv
;;Models;https://docs.fast.ai/collab.html#models
;;;EmbeddingDotBias;https://docs.fast.ai/collab.html#embeddingdotbias
;;;EmbeddingDotBias.from_classes;https://docs.fast.ai/collab.html#embeddingdotbias.from_classes
;;;EmbeddingDotBias.weight;https://docs.fast.ai/collab.html#embeddingdotbias.weight
;;;EmbeddingDotBias.bias;https://docs.fast.ai/collab.html#embeddingdotbias.bias
;;;EmbeddingNN;https://docs.fast.ai/collab.html#embeddingnn
;;Create a ;https://docs.fast.ai/collab.html#create-a-learner
;;;collab_learner;https://docs.fast.ai/collab.html#collab_learner
Medical;;Medical Imaging;https://docs.fast.ai/medical.imaging.html
;;Patching;https://docs.fast.ai/medical.imaging.html#patching
;;;get_dicom_files;https://docs.fast.ai/medical.imaging.html#get_dicom_files
;;;Path.dcmread;https://docs.fast.ai/medical.imaging.html#path.dcmread
;;;TensorDicom;https://docs.fast.ai/medical.imaging.html#tensordicom
;;;PILDicom;https://docs.fast.ai/medical.imaging.html#pildicom
;;;Path.png16read;https://docs.fast.ai/medical.imaging.html#path.png16read
;;;Dataset.pixels;https://docs.fast.ai/medical.imaging.html#dataset.pixels
;;;Dataset.scaled_px;https://docs.fast.ai/medical.imaging.html#dataset.scaled_px
;;;array_freqhist_bins;https://docs.fast.ai/medical.imaging.html#array_freqhist_bins
;;;Tensor.freqhist_bins;https://docs.fast.ai/medical.imaging.html#tensor.freqhist_bins
;;;Tensor.hist_scaled_pt;https://docs.fast.ai/medical.imaging.html#tensor.hist_scaled_pt
;;;Tensor.hist_scaled;https://docs.fast.ai/medical.imaging.html#tensor.hist_scaled
;;;Dataset.hist_scaled;https://docs.fast.ai/medical.imaging.html#dataset.hist_scaled
;;;Tensor.windowed;https://docs.fast.ai/medical.imaging.html#tensor.windowed
;;;Dataset.windowed;https://docs.fast.ai/medical.imaging.html#dataset.windowed
;;;TensorCTScan;https://docs.fast.ai/medical.imaging.html#tensorctscan
;;;PILCTScan;https://docs.fast.ai/medical.imaging.html#pilctscan
;;;Dataset.show;https://docs.fast.ai/medical.imaging.html#dataset.show
;;;Dataset.show;https://docs.fast.ai/medical.imaging.html#dataset.show-1
;;;Dataset.pct_in_window;https://docs.fast.ai/medical.imaging.html#dataset.pct_in_window
;;;uniform_blur2d;https://docs.fast.ai/medical.imaging.html#uniform_blur2d
;;;gauss_blur2d;https://docs.fast.ai/medical.imaging.html#gauss_blur2d
;;;Tensor.mask_from_blur;https://docs.fast.ai/medical.imaging.html#tensor.mask_from_blur
;;;Dataset.mask_from_blur;https://docs.fast.ai/medical.imaging.html#dataset.mask_from_blur
;;;mask2bbox;https://docs.fast.ai/medical.imaging.html#mask2bbox
;;;crop_resize;https://docs.fast.ai/medical.imaging.html#crop_resize
;;;Tensor.to_nchan;https://docs.fast.ai/medical.imaging.html#tensor.to_nchan
;;;Dataset.to_nchan;https://docs.fast.ai/medical.imaging.html#dataset.to_nchan
;;;Tensor.to_3chan;https://docs.fast.ai/medical.imaging.html#tensor.to_3chan
;;;Dataset.to_3chan;https://docs.fast.ai/medical.imaging.html#dataset.to_3chan
;;;save_jpgâ];https://docs.fast.ai/medical.imaging.html#save_jpg
;;;to_uint16â];https://docs.fast.ai/medical.imaging.html#to_uint16
;;;save_tif16â];https://docs.fast.ai/medical.imaging.html#save_tif16
;;;Dataset.set_pixels;https://docs.fast.ai/medical.imaging.html#dataset.set_pixels
;;;Dataset.zoom;https://docs.fast.ai/medical.imaging.html#dataset.zoom
;;;Dataset.zoom_to;https://docs.fast.ai/medical.imaging.html#dataset.zoom_to
;;;Dataset.shape;https://docs.fast.ai/medical.imaging.html#dataset.shape
;;;Dataset.as_dict;https://docs.fast.ai/medical.imaging.html#dataset.as_dict
;;;DicomSegmentationDataLoaders;https://docs.fast.ai/medical.imaging.html#dicomsegmentationdataloaders
Medical;;Medical Text;https://docs.fast.ai/medical.text.html
Integrations;;Wandb;https://docs.fast.ai/callback.wandb.html
;;;WandbCallback;https://docs.fast.ai/callback.wandb.html#wandbcallback
;;;Learner.gather_args;https://docs.fast.ai/callback.wandb.html#learner.gather_args
;;;Learner.gather_args;https://docs.fast.ai/callback.wandb.html#learner.gather_args-1
;;;log_dataset;https://docs.fast.ai/callback.wandb.html#log_dataset
;;;log_model;https://docs.fast.ai/callback.wandb.html#log_model
;;Example of use:;https://docs.fast.ai/callback.wandb.html#example-of-use
Integrations;;Captum;https://docs.fast.ai/callback.captum.html
;;;CaptumInterpretation;https://docs.fast.ai/callback.captum.html#captuminterpretation
;;Interpretation;https://docs.fast.ai/callback.captum.html#interpretation
;;Captum Insights Callback;https://docs.fast.ai/callback.captum.html#captum-insights-callback
;;;CaptumInterpretation.insights;https://docs.fast.ai/callback.captum.html#captuminterpretation.insights
Integrations;;Neptune.ai;https://docs.fast.ai/callback.neptune.html
;;Registration;https://docs.fast.ai/callback.neptune.html#registration
;;Installation;https://docs.fast.ai/callback.neptune.html#installation
;;How to use?;https://docs.fast.ai/callback.neptune.html#how-to-use
;;;NeptuneCallback;https://docs.fast.ai/callback.neptune.html#neptunecallback
Integrations;;Comet.ml;https://docs.fast.ai/callback.comet.html
;;Registration;https://docs.fast.ai/callback.comet.html#registration
;;Installation;https://docs.fast.ai/callback.comet.html#installation
;;How to use?;https://docs.fast.ai/callback.comet.html#how-to-use
;;;CometCallback;https://docs.fast.ai/callback.comet.html#cometcallback
Integrations;;Tensorboard;https://docs.fast.ai/callback.tensorboard.html
;;Tensorboard Embedding Projector support;https://docs.fast.ai/callback.tensorboard.html#tensorboard-embedding-projector-support
;;;Export Image Features during Training;https://docs.fast.ai/callback.tensorboard.html#export-image-features-during-training
;;;Export Image Features during Inference;https://docs.fast.ai/callback.tensorboard.html#export-image-features-during-inference
;;;Export Word Embeddings from Language Models;https://docs.fast.ai/callback.tensorboard.html#export-word-embeddings-from-language-models
;;;TensorBoardBaseCallback;https://docs.fast.ai/callback.tensorboard.html#tensorboardbasecallback
;;;TensorBoardCallback;https://docs.fast.ai/callback.tensorboard.html#tensorboardcallback
;;;TensorBoardProjectorCallback;https://docs.fast.ai/callback.tensorboard.html#tensorboardprojectorcallback
;;;projector_word_embeddings;https://docs.fast.ai/callback.tensorboard.html#projector_word_embeddings
;;TensorBoardCallback;https://docs.fast.ai/callback.tensorboard.html#tensorboardcallback-1
;;Projector;https://docs.fast.ai/callback.tensorboard.html#projector
;;;Projector in TensorBoardCallback;https://docs.fast.ai/callback.tensorboard.html#projector-in-tensorboardcallback
;;;TensorBoardProjectorCallback;https://docs.fast.ai/callback.tensorboard.html#tensorboardprojectorcallback-1
;;projector_word_embeddings;https://docs.fast.ai/callback.tensorboard.html#projector_word_embeddings-1
;;;fastai text or lm learner;https://docs.fast.ai/callback.tensorboard.html#fastai-text-or-lm-learner
;;;transformers;https://docs.fast.ai/callback.tensorboard.html#transformers
;;;;GPT2;https://docs.fast.ai/callback.tensorboard.html#gpt2
;;;;BERT;https://docs.fast.ai/callback.tensorboard.html#bert
;;;Validate results in tensorboard;https://docs.fast.ai/callback.tensorboard.html#validate-results-in-tensorboard
Integrations;;Hugging Face Hub;https://docs.fast.ai/huggingface.html
;;Why share to the Hugging Face Hub;https://docs.fast.ai/huggingface.html#why-share-to-the-hugging-face-hub
;;Installation;https://docs.fast.ai/huggingface.html#installation
;;Sharing a Learner;https://docs.fast.ai/huggingface.html#sharing-a-learner-to-the-hub
;;Loading a Learner from Hub;https://docs.fast.ai/huggingface.html#loading-a-learner-from-hub
fastai Development;;Pull requests made easy;https://docs.fast.ai/dev-setup.html
;;One time only setup;https://docs.fast.ai/dev-setup.html#one-time-only-setup
;;;Setting up access and ;https://docs.fast.ai/dev-setup.html#setting-up-access-and-gh
;;;Set up ;https://docs.fast.ai/dev-setup.html#set-up-fastcore
;;;Set up ;https://docs.fast.ai/dev-setup.html#set-up-fastai
;;Creating your PR;https://docs.fast.ai/dev-setup.html#creating-your-pr
;;Post-PR steps;https://docs.fast.ai/dev-setup.html#post-pr-steps
fastai Development;;git Notes;https://docs.fast.ai/dev/git.html
;;How to Make a Pull Request (PR);https://docs.fast.ai/dev/git.html#how-to-make-a-pull-request-pr
;;;Step 1. Start With a Synced Fork Checkout;https://docs.fast.ai/dev/git.html#step-1.-start-with-a-synced-fork-checkout
;;;;1a. First time;https://docs.fast.ai/dev/git.html#a.-first-time
;;;;1b. Subsequent times;https://docs.fast.ai/dev/git.html#b.-subsequent-times
;;;Step 2. Create a Branch;https://docs.fast.ai/dev/git.html#step-2.-create-a-branch
;;;Step 6. Push Your Changes;https://docs.fast.ai/dev/git.html#step-6.-push-your-changes
;;;Step 8. Passing CI Tests;https://docs.fast.ai/dev/git.html#step-8.-passing-ci-tests
;;;How to Keep Your Feature Branch Up-to-date;https://docs.fast.ai/dev/git.html#how-to-keep-your-feature-branch-up-to-date
;;;How To Reset Your Forked Master Branch;https://docs.fast.ai/dev/git.html#how-to-reset-your-forked-master-branch
;;;Where am I?;https://docs.fast.ai/dev/git.html#where-am-i
;;;;bash-git-prompt;https://docs.fast.ai/dev/git.html#bash-git-prompt
;;Github Shortcuts;https://docs.fast.ai/dev/git.html#github-shortcuts
;;Revisions;https://docs.fast.ai/dev/git.html#revisions
;;Operations;https://docs.fast.ai/dev/git.html#operations
;;;add;https://docs.fast.ai/dev/git.html#add
;;;remove;https://docs.fast.ai/dev/git.html#remove
;;;status;https://docs.fast.ai/dev/git.html#status
;;;push;https://docs.fast.ai/dev/git.html#push
;;;commit;https://docs.fast.ai/dev/git.html#commit
;;;authentication;https://docs.fast.ai/dev/git.html#authentication
;;;update;https://docs.fast.ai/dev/git.html#update
;;;search/replace;https://docs.fast.ai/dev/git.html#searchreplace
;;;git GUI;https://docs.fast.ai/dev/git.html#git-gui
;;;contributors;https://docs.fast.ai/dev/git.html#contributors
;;;search git history;https://docs.fast.ai/dev/git.html#search-git-history
;;;cherry picking;https://docs.fast.ai/dev/git.html#cherry-picking
;;;checkout;https://docs.fast.ai/dev/git.html#checkout
;;;overwrite local changes;https://docs.fast.ai/dev/git.html#overwrite-local-changes
;;;branches;https://docs.fast.ai/dev/git.html#branches
;;;reverting/resetting/undoing;https://docs.fast.ai/dev/git.html#revertingresettingundoing
;;;;Reset branchâs HEAD to a given commit hash;https://docs.fast.ai/dev/git.html#reset-branchs-head-to-a-given-commit-hash
;;;ignore;https://docs.fast.ai/dev/git.html#ignore
;;;trace and debug;https://docs.fast.ai/dev/git.html#trace-and-debug
;;;status and information;https://docs.fast.ai/dev/git.html#status-and-information
;;;overriding git configuration;https://docs.fast.ai/dev/git.html#overriding-git-configuration
;;fixing things;https://docs.fast.ai/dev/git.html#fixing-things
;;merge strategies;https://docs.fast.ai/dev/git.html#merge-strategies
;;workflows;https://docs.fast.ai/dev/git.html#workflows
;;Aliases;https://docs.fast.ai/dev/git.html#aliases
;;Miscellaneous Recipes;https://docs.fast.ai/dev/git.html#miscellaneous-recipes
;;Useful Resources;https://docs.fast.ai/dev/git.html#useful-resources
fastai Development;;fastai Abbreviation Guide;https://docs.fast.ai/dev/abbr.html
fastai Development;;fastai coding style;https://docs.fast.ai/dev/style.html
;;fastai coding style;https://docs.fast.ai/dev/style.html#fastai-coding-style
;;Style guide;https://docs.fast.ai/dev/style.html#style-guide
;;;Symbol naming;https://docs.fast.ai/dev/style.html#symbol-naming
;;;Layout;https://docs.fast.ai/dev/style.html#layout
;;;Algorithms;https://docs.fast.ai/dev/style.html#algorithms
;;;Other stuff;https://docs.fast.ai/dev/style.html#other-stuff
;;;Documentation;https://docs.fast.ai/dev/style.html#documentation
;;FAQ;https://docs.fast.ai/dev/style.html#faq
fastai Development;;Working with GPU;https://docs.fast.ai/dev/gpu.html
;;GPU Monitoring;https://docs.fast.ai/dev/gpu.html#gpu-monitoring
;;Accessing NVIDIA GPU Info Programmatically;https://docs.fast.ai/dev/gpu.html#accessing-nvidia-gpu-info-programmatically
;;;pynvml;https://docs.fast.ai/dev/gpu.html#pynvml
;;;py3nvml;https://docs.fast.ai/dev/gpu.html#py3nvml
;;;GPUtil;https://docs.fast.ai/dev/gpu.html#gputil
;;GPU Memory Notes;https://docs.fast.ai/dev/gpu.html#gpu-memory-notes
;;;Unusable GPU RAM per process;https://docs.fast.ai/dev/gpu.html#unusable-gpu-ram-per-process
;;;Cached Memory;https://docs.fast.ai/dev/gpu.html#cached-memory
;;;Reusing GPU RAM;https://docs.fast.ai/dev/gpu.html#reusing-gpu-ram
;;;GPU RAM Fragmentation;https://docs.fast.ai/dev/gpu.html#gpu-ram-fragmentation
;;;Peak Memory Usage;https://docs.fast.ai/dev/gpu.html#peak-memory-usage
;;;pytorch Tensor Memory Tracking;https://docs.fast.ai/dev/gpu.html#pytorch-tensor-memory-tracking
;;;GPU Reset;https://docs.fast.ai/dev/gpu.html#gpu-reset
;;Multi-GPU;https://docs.fast.ai/dev/gpu.html#multi-gpu
;;;Order of GPUs;https://docs.fast.ai/dev/gpu.html#order-of-gpus
fastai Development;;Notes For Developers;https://docs.fast.ai/dev/develop.html
;;Development Editable Install;https://docs.fast.ai/dev/develop.html#development-editable-install
;;;Editable Install Explained;https://docs.fast.ai/dev/develop.html#editable-install-explained
;;Switching Conda Environments in Jupyter;https://docs.fast.ai/dev/develop.html#switching-conda-environments-in-jupyter
;;Some useful oneliners;https://docs.fast.ai/dev/develop.html#some-useful-oneliners
